rank,pipname,tile,tile_type,tile_x,tile_y,src_wire,dst_wire,net,avg_delay_ps,max_delay_ps
0,INT_L_X2Y130/NW2END1->INT_L_X2Y130/IMUX_L41,INT_L_X2Y130,INT_L,2,130,INT_L_X2Y130/NW2END1,INT_L_X2Y130/IMUX_L41,i_sca_pqc_adapter.i_sca_pqc.rs2_reg[30],132.42498665242925,301
1,INT_L_X2Y130/IMUX_L9->CLBLL_L_X2Y130/CLBLL_L_A5,INT_L_X2Y130,INT_L,2,130,INT_L_X2Y130/IMUX_L9,CLBLL_L_X2Y130/CLBLL_L_A5,i_sca_pqc_adapter.i_sca_pqc.rs2_reg[30],132.42498665242925,301
2,INT_R_X5Y116/NN6A1->INT_R_X5Y122/NN6A1,INT_R_X5Y116,INT_R,5,116,INT_R_X5Y116/NN6A1,INT_R_X5Y122/NN6A1,i_sca_pqc_adapter.i_sca_pqc.rs2_reg[30],132.42498665242925,301
3,INT_R_X5Y122/NN6A1->INT_L_X4Y128/NW2END1,INT_R_X5Y122,INT_R,5,122,INT_R_X5Y122/NN6A1,INT_L_X4Y128/NW2END1,i_sca_pqc_adapter.i_sca_pqc.rs2_reg[30],132.42498665242925,301
4,INT_L_X4Y135/NN6A1->INT_L_X4Y141/NN6A1,INT_L_X4Y135,INT_L,4,135,INT_L_X4Y135/NN6A1,INT_L_X4Y141/NN6A1,i_sca_pqc_adapter.i_sca_pqc.rs2_reg[30],132.42498665242925,301
5,INT_L_X4Y128/NW2END1->INT_L_X4Y129/NW2A1,INT_L_X4Y128,INT_L,4,128,INT_L_X4Y128/NW2END1,INT_L_X4Y129/NW2A1,i_sca_pqc_adapter.i_sca_pqc.rs2_reg[30],132.42498665242925,301
6,INT_L_X14Y101/NE6A1->INT_L_X14Y106/NW2END1,INT_L_X14Y101,INT_L,14,101,INT_L_X14Y101/NE6A1,INT_L_X14Y106/NW2END1,i_sca_pqc_adapter.i_sca_pqc.rs2_reg[30],132.42498665242925,301
7,INT_L_X14Y106/IMUX_L2->CLBLL_L_X14Y106/CLBLL_LL_A2,INT_L_X14Y106,INT_L,14,106,INT_L_X14Y106/IMUX_L2,CLBLL_L_X14Y106/CLBLL_LL_A2,i_sca_pqc_adapter.i_sca_pqc.rs2_reg[30],132.42498665242925,301
8,INT_R_X11Y105/ER1BEG1->INT_L_X12Y105/BYP_ALT4,INT_R_X11Y105,INT_R,11,105,INT_R_X11Y105/ER1BEG1,INT_L_X12Y105/BYP_ALT4,i_sca_pqc_adapter.i_sca_pqc.rs2_reg[30],132.42498665242925,301
9,INT_L_X2Y130/IMUX_L41->CLBLL_L_X2Y130/CLBLL_L_D1,INT_L_X2Y130,INT_L,2,130,INT_L_X2Y130/IMUX_L41,CLBLL_L_X2Y130/CLBLL_L_D1,i_sca_pqc_adapter.i_sca_pqc.rs2_reg[30],132.42498665242925,301
10,INT_L_X8Y98/ER1BEG1->INT_R_X9Y98/IMUX42,INT_L_X8Y98,INT_L,8,98,INT_L_X8Y98/ER1BEG1,INT_R_X9Y98/IMUX42,i_sca_pqc_adapter.i_sca_pqc.rs2_reg[30],132.42498665242925,301
11,INT_R_X13Y101/LOGIC_OUTS5->INT_L_X14Y101/NE6A1,INT_R_X13Y101,INT_R,13,101,INT_R_X13Y101/LOGIC_OUTS5,INT_L_X14Y101/NE6A1,i_sca_pqc_adapter.i_sca_pqc.rs2_reg[30],132.42498665242925,301
12,INT_L_X10Y101/WW4C1->INT_R_X9Y102/NN6A1,INT_L_X10Y101,INT_L,10,101,INT_L_X10Y101/WW4C1,INT_R_X9Y102/NN6A1,i_sca_pqc_adapter.i_sca_pqc.rs2_reg[30],132.42498665242925,301
13,CLBLL_L_X12Y105/CLBLL_LL_BX->SITEWIRE/SLICE_X16Y105/BX,CLBLL_L_X12Y105,CLBLL_L,12,105,CLBLL_L_X12Y105/CLBLL_LL_BX,SITEWIRE/SLICE_X16Y105/BX,i_sca_pqc_adapter.i_sca_pqc.rs2_reg[30],0,0
14,INT_R_X9Y115/NR1BEG1->INT_R_X9Y117/NN2A1,INT_R_X9Y115,INT_R,9,115,INT_R_X9Y115/NR1BEG1,INT_R_X9Y117/NN2A1,i_sca_pqc_adapter.i_sca_pqc.rs2_reg[30],132.42498665242925,301
15,INT_R_X27Y117/EE4BEG1->INT_R_X33Y117/ER1BEG2,INT_R_X27Y117,INT_R,27,117,INT_R_X27Y117/EE4BEG1,INT_R_X33Y117/ER1BEG2,i_sca_pqc_adapter.i_sca_pqc.rs2_reg[30],132.42498665242925,301
16,INT_L_X4Y129/NW2A1->INT_L_X2Y130/NW2END1,INT_L_X4Y129,INT_L,4,129,INT_L_X4Y129/NW2A1,INT_L_X2Y130/NW2END1,i_sca_pqc_adapter.i_sca_pqc.rs2_reg[30],132.42498665242925,301
17,CLBLL_L_X2Y130/CLBLL_L_A5->SITEWIRE/SLICE_X1Y130/A4,CLBLL_L_X2Y130,CLBLL_L,2,130,CLBLL_L_X2Y130/CLBLL_L_A5,SITEWIRE/SLICE_X1Y130/A4,i_sca_pqc_adapter.i_sca_pqc.rs2_reg[30],0,0
18,INT_L_X12Y105/BYP_ALT4->INT_L_X12Y105/BYP_L4,INT_L_X12Y105,INT_L,12,105,INT_L_X12Y105/BYP_ALT4,INT_L_X12Y105/BYP_L4,i_sca_pqc_adapter.i_sca_pqc.rs2_reg[30],132.42498665242925,301
19,INT_L_X12Y105/BYP_L4->CLBLL_L_X12Y105/CLBLL_LL_BX,INT_L_X12Y105,INT_L,12,105,INT_L_X12Y105/BYP_L4,CLBLL_L_X12Y105/CLBLL_LL_BX,i_sca_pqc_adapter.i_sca_pqc.rs2_reg[30],132.42498665242925,301
20,INT_R_X33Y117/ER1BEG2->INT_L_X34Y117/BYP_ALT3,INT_R_X33Y117,INT_R,33,117,INT_R_X33Y117/ER1BEG2,INT_L_X34Y117/BYP_ALT3,i_sca_pqc_adapter.i_sca_pqc.rs2_reg[30],132.42498665242925,301
21,INT_R_X9Y100/SS2A0->INT_L_X8Y98/SW2END0,INT_R_X9Y100,INT_R,9,100,INT_R_X9Y100/SS2A0,INT_L_X8Y98/SW2END0,i_sca_pqc_adapter.i_sca_pqc.rs2_reg[30],132.42498665242925,301
22,INT_L_X10Y101/WW4C1->INT_R_X9Y100/SS2A0,INT_L_X10Y101,INT_L,10,101,INT_L_X10Y101/WW4C1,INT_R_X9Y100/SS2A0,i_sca_pqc_adapter.i_sca_pqc.rs2_reg[30],132.42498665242925,301
23,INT_L_X8Y98/SW2END0->INT_L_X8Y98/ER1BEG1,INT_L_X8Y98,INT_L,8,98,INT_L_X8Y98/SW2END0,INT_L_X8Y98/ER1BEG1,i_sca_pqc_adapter.i_sca_pqc.rs2_reg[30],132.42498665242925,301
24,INT_L_X14Y101/NE6A1->INT_R_X11Y105/WW4END1,INT_L_X14Y101,INT_L,14,101,INT_L_X14Y101/NE6A1,INT_R_X11Y105/WW4END1,i_sca_pqc_adapter.i_sca_pqc.rs2_reg[30],132.42498665242925,301
25,INT_L_X4Y129/NN6A1->INT_L_X4Y135/NN6A1,INT_L_X4Y129,INT_L,4,129,INT_L_X4Y129/NN6A1,INT_L_X4Y135/NN6A1,i_sca_pqc_adapter.i_sca_pqc.rs2_reg[30],132.42498665242925,301
26,DSP_R_X9Y115/DSP_0_B14->SITEWIRE/DSP48_X0Y46/B14,DSP_R_X9Y115,DSP_R,9,115,DSP_R_X9Y115/DSP_0_B14,SITEWIRE/DSP48_X0Y46/B14,i_sca_pqc_adapter.i_sca_pqc.rs2_reg[30],0,0
27,INT_L_X34Y93/SS6A1->INT_L_X34Y87/SS6A1,INT_L_X34Y93,INT_L,34,93,INT_L_X34Y93/SS6A1,INT_L_X34Y87/SS6A1,i_sca_pqc_adapter.i_sca_pqc.rs2_reg[30],132.42498665242925,301
28,INT_R_X5Y115/WW4END1->INT_R_X5Y116/NN6A1,INT_R_X5Y115,INT_R,5,115,INT_R_X5Y115/WW4END1,INT_R_X5Y116/NN6A1,i_sca_pqc_adapter.i_sca_pqc.rs2_reg[30],132.42498665242925,301
29,INT_R_X9Y98/IMUX42->DSP_R_X9Y95/DSP_0_B14,INT_R_X9Y98,INT_R,9,98,INT_R_X9Y98/IMUX42,DSP_R_X9Y95/DSP_0_B14,i_sca_pqc_adapter.i_sca_pqc.rs2_reg[30],132.42498665242925,301
30,CLBLL_R_X13Y101/CLBLL_LL_BQ->INT_R_X13Y101/LOGIC_OUTS5,CLBLL_R_X13Y101,CLBLL_R,13,101,CLBLL_R_X13Y101/CLBLL_LL_BQ,INT_R_X13Y101/LOGIC_OUTS5,i_sca_pqc_adapter.i_sca_pqc.rs2_reg[30],0,0
31,INT_L_X34Y117/BYP_BOUNCE3->INT_L_X34Y118/IMUX_L1,INT_L_X34Y117,INT_L,34,117,INT_L_X34Y117/BYP_BOUNCE3,INT_L_X34Y118/IMUX_L1,i_sca_pqc_adapter.i_sca_pqc.rs2_reg[30],132.42498665242925,301
32,INT_R_X9Y114/NN2A1->INT_R_X9Y115/NR1BEG1,INT_R_X9Y114,INT_R,9,114,INT_R_X9Y114/NN2A1,INT_R_X9Y115/NR1BEG1,i_sca_pqc_adapter.i_sca_pqc.rs2_reg[30],132.42498665242925,301
33,INT_R_X9Y108/NN6A1->INT_R_X9Y114/NN2A1,INT_R_X9Y108,INT_R,9,108,INT_R_X9Y108/NN6A1,INT_R_X9Y114/NN2A1,i_sca_pqc_adapter.i_sca_pqc.rs2_reg[30],132.42498665242925,301
34,CLBLL_L_X14Y106/CLBLL_LL_A2->SITEWIRE/SLICE_X20Y106/A5,CLBLL_L_X14Y106,CLBLL_L,14,106,CLBLL_L_X14Y106/CLBLL_LL_A2,SITEWIRE/SLICE_X20Y106/A5,i_sca_pqc_adapter.i_sca_pqc.rs2_reg[30],0,0
35,INT_R_X9Y102/NN6A1->INT_R_X9Y108/NN6A1,INT_R_X9Y102,INT_R,9,102,INT_R_X9Y102/NN6A1,INT_R_X9Y108/NN6A1,i_sca_pqc_adapter.i_sca_pqc.rs2_reg[30],132.42498665242925,301
36,INT_L_X2Y130/NW2END1->INT_L_X2Y130/IMUX_L9,INT_L_X2Y130,INT_L,2,130,INT_L_X2Y130/NW2END1,INT_L_X2Y130/IMUX_L9,i_sca_pqc_adapter.i_sca_pqc.rs2_reg[30],132.42498665242925,301
37,INT_R_X19Y117/EE4BEG1->INT_L_X24Y117/EE4A1,INT_R_X19Y117,INT_R,19,117,INT_R_X19Y117/EE4BEG1,INT_L_X24Y117/EE4A1,i_sca_pqc_adapter.i_sca_pqc.rs2_reg[30],132.42498665242925,301
38,INT_R_X17Y117/EE2BEG1->INT_R_X19Y117/EE4BEG1,INT_R_X17Y117,INT_R,17,117,INT_R_X17Y117/EE2BEG1,INT_R_X19Y117/EE4BEG1,i_sca_pqc_adapter.i_sca_pqc.rs2_reg[30],132.42498665242925,301
39,INT_R_X9Y117/NN2A1->INT_R_X9Y118/IMUX42,INT_R_X9Y117,INT_R,9,117,INT_R_X9Y117/NN2A1,INT_R_X9Y118/IMUX42,i_sca_pqc_adapter.i_sca_pqc.rs2_reg[30],132.42498665242925,301
40,DSP_L_X34Y80/DSP_1_B13->SITEWIRE/DSP48_X1Y33/B13,DSP_L_X34Y80,DSP_L,34,80,DSP_L_X34Y80/DSP_1_B13,SITEWIRE/DSP48_X1Y33/B13,i_sca_pqc_adapter.i_sca_pqc.rs2_reg[30],0,0
41,INT_R_X9Y118/IMUX42->DSP_R_X9Y115/DSP_0_B14,INT_R_X9Y118,INT_R,9,118,INT_R_X9Y118/IMUX42,DSP_R_X9Y115/DSP_0_B14,i_sca_pqc_adapter.i_sca_pqc.rs2_reg[30],132.42498665242925,301
42,INT_R_X13Y101/LOGIC_OUTS5->INT_L_X10Y101/WW4C1,INT_R_X13Y101,INT_R,13,101,INT_R_X13Y101/LOGIC_OUTS5,INT_L_X10Y101/WW4C1,i_sca_pqc_adapter.i_sca_pqc.rs2_reg[30],132.42498665242925,301
43,INT_R_X11Y117/EE2BEG1->INT_L_X14Y117/EE4A1,INT_R_X11Y117,INT_R,11,117,INT_R_X11Y117/EE2BEG1,INT_L_X14Y117/EE4A1,i_sca_pqc_adapter.i_sca_pqc.rs2_reg[30],132.42498665242925,301
44,INT_L_X4Y141/NN6A1->INT_L_X4Y147/NN2A1,INT_L_X4Y141,INT_L,4,141,INT_L_X4Y141/NN6A1,INT_L_X4Y147/NN2A1,i_sca_pqc_adapter.i_sca_pqc.rs2_reg[30],132.42498665242925,301
45,DSP_R_X9Y95/DSP_0_B14->SITEWIRE/DSP48_X0Y38/B14,DSP_R_X9Y95,DSP_R,9,95,DSP_R_X9Y95/DSP_0_B14,SITEWIRE/DSP48_X0Y38/B14,i_sca_pqc_adapter.i_sca_pqc.rs2_reg[30],0,0
46,DSP_L_X34Y115/DSP_1_B13->SITEWIRE/DSP48_X1Y47/B13,DSP_L_X34Y115,DSP_L,34,115,DSP_L_X34Y115/DSP_1_B13,SITEWIRE/DSP48_X1Y47/B13,i_sca_pqc_adapter.i_sca_pqc.rs2_reg[30],0,0
47,INT_R_X33Y117/SE6BEG1->INT_L_X34Y112/SW2END1,INT_R_X33Y117,INT_R,33,117,INT_R_X33Y117/SE6BEG1,INT_L_X34Y112/SW2END1,i_sca_pqc_adapter.i_sca_pqc.rs2_reg[30],132.42498665242925,301
48,INT_L_X34Y118/IMUX_L1->DSP_L_X34Y115/DSP_1_B13,INT_L_X34Y118,INT_L,34,118,INT_L_X34Y118/IMUX_L1,DSP_L_X34Y115/DSP_1_B13,i_sca_pqc_adapter.i_sca_pqc.rs2_reg[30],132.42498665242925,301
49,INT_L_X34Y117/BYP_ALT3->INT_L_X34Y117/BYP_BOUNCE3,INT_L_X34Y117,INT_L,34,117,INT_L_X34Y117/BYP_ALT3,INT_L_X34Y117/BYP_BOUNCE3,i_sca_pqc_adapter.i_sca_pqc.rs2_reg[30],132.42498665242925,301
50,INT_L_X24Y117/EE4A1->INT_R_X27Y117/EE4BEG1,INT_L_X24Y117,INT_L,24,117,INT_L_X24Y117/EE4A1,INT_R_X27Y117/EE4BEG1,i_sca_pqc_adapter.i_sca_pqc.rs2_reg[30],132.42498665242925,301
51,CLBLL_L_X4Y149/CLBLL_LL_C4->SITEWIRE/SLICE_X4Y149/C1,CLBLL_L_X4Y149,CLBLL_L,4,149,CLBLL_L_X4Y149/CLBLL_LL_C4,SITEWIRE/SLICE_X4Y149/C1,i_sca_pqc_adapter.i_sca_pqc.rs2_reg[30],0,0
52,INT_L_X4Y149/SS2END2->INT_L_X4Y149/IMUX_L28,INT_L_X4Y149,INT_L,4,149,INT_L_X4Y149/SS2END2,INT_L_X4Y149/IMUX_L28,i_sca_pqc_adapter.i_sca_pqc.rs2_reg[30],132.42498665242925,301
53,INT_L_X4Y147/NN2A1->INT_L_X4Y149/SS2END2,INT_L_X4Y147,INT_L,4,147,INT_L_X4Y147/NN2A1,INT_L_X4Y149/SS2END2,i_sca_pqc_adapter.i_sca_pqc.rs2_reg[30],132.42498665242925,301
54,INT_L_X14Y117/EE4A1->INT_R_X17Y117/EE2BEG1,INT_L_X14Y117,INT_L,14,117,INT_L_X14Y117/EE4A1,INT_R_X17Y117/EE2BEG1,i_sca_pqc_adapter.i_sca_pqc.rs2_reg[30],132.42498665242925,301
55,INT_L_X10Y113/NE6A1->INT_R_X11Y117/EE2BEG1,INT_L_X10Y113,INT_L,10,113,INT_L_X10Y113/NE6A1,INT_R_X11Y117/EE2BEG1,i_sca_pqc_adapter.i_sca_pqc.rs2_reg[30],132.42498665242925,301
56,INT_L_X34Y83/IMUX_L1->DSP_L_X34Y80/DSP_1_B13,INT_L_X34Y83,INT_L,34,83,INT_L_X34Y83/IMUX_L1,DSP_L_X34Y80/DSP_1_B13,i_sca_pqc_adapter.i_sca_pqc.rs2_reg[30],132.42498665242925,301
57,INT_R_X9Y108/NN6A1->INT_L_X10Y113/NE6A1,INT_R_X9Y108,INT_R,9,108,INT_R_X9Y108/NN6A1,INT_L_X10Y113/NE6A1,i_sca_pqc_adapter.i_sca_pqc.rs2_reg[30],132.42498665242925,301
58,INT_L_X4Y128/NW2END1->INT_L_X4Y129/NN6A1,INT_L_X4Y128,INT_L,4,128,INT_L_X4Y128/NW2END1,INT_L_X4Y129/NN6A1,i_sca_pqc_adapter.i_sca_pqc.rs2_reg[30],132.42498665242925,301
59,INT_L_X34Y83/FAN_BOUNCE6->INT_L_X34Y83/IMUX_L1,INT_L_X34Y83,INT_L,34,83,INT_L_X34Y83/FAN_BOUNCE6,INT_L_X34Y83/IMUX_L1,i_sca_pqc_adapter.i_sca_pqc.rs2_reg[30],132.42498665242925,301
60,INT_L_X4Y149/IMUX_L28->CLBLL_L_X4Y149/CLBLL_LL_C4,INT_L_X4Y149,INT_L,4,149,INT_L_X4Y149/IMUX_L28,CLBLL_L_X4Y149/CLBLL_LL_C4,i_sca_pqc_adapter.i_sca_pqc.rs2_reg[30],132.42498665242925,301
61,CLBLL_L_X2Y130/CLBLL_L_D1->SITEWIRE/SLICE_X1Y130/D3,CLBLL_L_X2Y130,CLBLL_L,2,130,CLBLL_L_X2Y130/CLBLL_L_D1,SITEWIRE/SLICE_X1Y130/D3,i_sca_pqc_adapter.i_sca_pqc.rs2_reg[30],0,0
62,INT_R_X27Y117/EE4BEG1->INT_R_X33Y117/SE6BEG1,INT_R_X27Y117,INT_R,27,117,INT_R_X27Y117/EE4BEG1,INT_R_X33Y117/SE6BEG1,i_sca_pqc_adapter.i_sca_pqc.rs2_reg[30],132.42498665242925,301
63,INT_L_X34Y83/FAN_ALT6->INT_L_X34Y83/FAN_BOUNCE6,INT_L_X34Y83,INT_L,34,83,INT_L_X34Y83/FAN_ALT6,INT_L_X34Y83/FAN_BOUNCE6,i_sca_pqc_adapter.i_sca_pqc.rs2_reg[30],132.42498665242925,301
64,INT_L_X14Y106/NW2END1->INT_L_X14Y106/IMUX_L2,INT_L_X14Y106,INT_L,14,106,INT_L_X14Y106/NW2END1,INT_L_X14Y106/IMUX_L2,i_sca_pqc_adapter.i_sca_pqc.rs2_reg[30],132.42498665242925,301
65,INT_L_X34Y82/NR1BEG1->INT_L_X34Y83/FAN_ALT6,INT_L_X34Y82,INT_L,34,82,INT_L_X34Y82/NR1BEG1,INT_L_X34Y83/FAN_ALT6,i_sca_pqc_adapter.i_sca_pqc.rs2_reg[30],132.42498665242925,301
66,INT_R_X9Y114/NN2A1->INT_R_X5Y115/WW4END1,INT_R_X9Y114,INT_R,9,114,INT_R_X9Y114/NN2A1,INT_R_X5Y115/WW4END1,i_sca_pqc_adapter.i_sca_pqc.rs2_reg[30],132.42498665242925,301
67,INT_L_X34Y87/SS6A1->INT_L_X34Y82/NR1BEG1,INT_L_X34Y87,INT_L,34,87,INT_L_X34Y87/SS6A1,INT_L_X34Y82/NR1BEG1,i_sca_pqc_adapter.i_sca_pqc.rs2_reg[30],132.42498665242925,301
68,INT_L_X34Y100/SS6BEG1->INT_L_X34Y93/SS6A1,INT_L_X34Y100,INT_L,34,100,INT_L_X34Y100/SS6BEG1,INT_L_X34Y93/SS6A1,i_sca_pqc_adapter.i_sca_pqc.rs2_reg[30],132.42498665242925,301
69,INT_L_X34Y105/SS6A1->INT_L_X34Y100/SS6BEG1,INT_L_X34Y105,INT_L,34,105,INT_L_X34Y105/SS6A1,INT_L_X34Y100/SS6BEG1,i_sca_pqc_adapter.i_sca_pqc.rs2_reg[30],132.42498665242925,301
70,INT_R_X11Y105/WW4END1->INT_R_X11Y105/ER1BEG1,INT_R_X11Y105,INT_R,11,105,INT_R_X11Y105/WW4END1,INT_R_X11Y105/ER1BEG1,i_sca_pqc_adapter.i_sca_pqc.rs2_reg[30],132.42498665242925,301
71,INT_L_X34Y111/SS6A1->INT_L_X34Y105/SS6A1,INT_L_X34Y111,INT_L,34,111,INT_L_X34Y111/SS6A1,INT_L_X34Y105/SS6A1,i_sca_pqc_adapter.i_sca_pqc.rs2_reg[30],132.42498665242925,301
72,INT_L_X34Y112/SW2END1->INT_L_X34Y111/SS6A1,INT_L_X34Y112,INT_L,34,112,INT_L_X34Y112/SW2END1,INT_L_X34Y111/SS6A1,i_sca_pqc_adapter.i_sca_pqc.rs2_reg[30],132.42498665242925,301
73,CLBLM_R_X5Y131/CLBLM_L_C1->SITEWIRE/SLICE_X7Y131/C4,CLBLM_R_X5Y131,CLBLM_R,5,131,CLBLM_R_X5Y131/CLBLM_L_C1,SITEWIRE/SLICE_X7Y131/C4,i_sca_pqc_adapter.i_sca_pqc.rs2_reg[28],0,0
74,INT_R_X9Y128/LV10->INT_L_X8Y127/NW6A1,INT_R_X9Y128,INT_R,9,128,INT_R_X9Y128/LV10,INT_L_X8Y127/NW6A1,i_sca_pqc_adapter.i_sca_pqc.rs2_reg[28],132.42498665242925,301
75,INT_R_X9Y110/LV10->INT_R_X9Y128/LV10,INT_R_X9Y110,INT_R,9,110,INT_R_X9Y110/LV10,INT_R_X9Y128/LV10,i_sca_pqc_adapter.i_sca_pqc.rs2_reg[28],132.42498665242925,301
76,INT_R_X9Y128/LV10->INT_R_X9Y146/LVB10,INT_R_X9Y128,INT_R,9,128,INT_R_X9Y128/LV10,INT_R_X9Y146/LVB10,i_sca_pqc_adapter.i_sca_pqc.rs2_reg[28],132.42498665242925,301
77,INT_L_X4Y149/NW2END2->INT_L_X4Y149/IMUX_L11,INT_L_X4Y149,INT_L,4,149,INT_L_X4Y149/NW2END2,INT_L_X4Y149/IMUX_L11,i_sca_pqc_adapter.i_sca_pqc.rs2_reg[28],132.42498665242925,301
78,CLBLL_L_X4Y149/CLBLL_LL_A4->SITEWIRE/SLICE_X4Y149/A1,CLBLL_L_X4Y149,CLBLL_L,4,149,CLBLL_L_X4Y149/CLBLL_LL_A4,SITEWIRE/SLICE_X4Y149/A1,i_sca_pqc_adapter.i_sca_pqc.rs2_reg[28],0,0
79,INT_L_X34Y81/NR1BEG0->INT_L_X34Y82/IMUX_L8,INT_L_X34Y81,INT_L,34,81,INT_L_X34Y81/NR1BEG0,INT_L_X34Y82/IMUX_L8,i_sca_pqc_adapter.i_sca_pqc.rs2_reg[28],132.42498665242925,301
80,INT_L_X34Y82/IMUX_L8->DSP_L_X34Y80/DSP_1_B11,INT_L_X34Y82,INT_L,34,82,INT_L_X34Y82/IMUX_L8,DSP_L_X34Y80/DSP_1_B11,i_sca_pqc_adapter.i_sca_pqc.rs2_reg[28],132.42498665242925,301
81,INT_L_X20Y82/SS2A0->INT_L_X20Y81/EE4BEG0,INT_L_X20Y82,INT_L,20,82,INT_L_X20Y82/SS2A0,INT_L_X20Y81/EE4BEG0,i_sca_pqc_adapter.i_sca_pqc.rs2_reg[28],132.42498665242925,301
82,INT_L_X20Y81/EE4BEG0->INT_L_X24Y81/EE4BEG0,INT_L_X20Y81,INT_L,20,81,INT_L_X20Y81/EE4BEG0,INT_L_X24Y81/EE4BEG0,i_sca_pqc_adapter.i_sca_pqc.rs2_reg[28],132.42498665242925,301
83,INT_R_X5Y148/WW4END2->INT_L_X4Y149/NW2END2,INT_R_X5Y148,INT_R,5,148,INT_R_X5Y148/WW4END2,INT_L_X4Y149/NW2END2,i_sca_pqc_adapter.i_sca_pqc.rs2_reg[28],132.42498665242925,301
84,INT_L_X4Y149/IMUX_L11->CLBLL_L_X4Y149/CLBLL_LL_A4,INT_L_X4Y149,INT_L,4,149,INT_L_X4Y149/IMUX_L11,CLBLL_L_X4Y149/CLBLL_LL_A4,i_sca_pqc_adapter.i_sca_pqc.rs2_reg[28],132.42498665242925,301
85,INT_L_X24Y81/EE4BEG0->INT_L_X28Y81/EE4BEG0,INT_L_X24Y81,INT_L,24,81,INT_L_X24Y81/EE4BEG0,INT_L_X28Y81/EE4BEG0,i_sca_pqc_adapter.i_sca_pqc.rs2_reg[28],132.42498665242925,301
86,INT_L_X8Y127/NW6A1->INT_L_X6Y131/WR1END2,INT_L_X8Y127,INT_L,8,127,INT_L_X8Y127/NW6A1,INT_L_X6Y131/WR1END2,i_sca_pqc_adapter.i_sca_pqc.rs2_reg[28],132.42498665242925,301
87,INT_L_X28Y81/EE4BEG0->INT_L_X32Y81/EE2BEG0,INT_L_X28Y81,INT_L,28,81,INT_L_X28Y81/EE4BEG0,INT_L_X32Y81/EE2BEG0,i_sca_pqc_adapter.i_sca_pqc.rs2_reg[28],132.42498665242925,301
88,INT_L_X10Y82/BYP_L5->CLBLM_L_X10Y82/CLBLM_L_BX,INT_L_X10Y82,INT_L,10,82,INT_L_X10Y82/BYP_L5,CLBLM_L_X10Y82/CLBLM_L_BX,i_sca_pqc_adapter.i_sca_pqc.rs2_reg[28],132.42498665242925,301
89,INT_L_X8Y94/NN2A0->INT_L_X8Y96/NN2A0,INT_L_X8Y94,INT_L,8,94,INT_L_X8Y94/NN2A0,INT_L_X8Y96/NN2A0,i_sca_pqc_adapter.i_sca_pqc.rs2_reg[28],132.42498665242925,301
90,INT_R_X9Y97/BYP_BOUNCE7->INT_R_X9Y98/IMUX43,INT_R_X9Y97,INT_R,9,97,INT_R_X9Y97/BYP_BOUNCE7,INT_R_X9Y98/IMUX43,i_sca_pqc_adapter.i_sca_pqc.rs2_reg[28],132.42498665242925,301
91,INT_R_X5Y118/ER1BEG3->INT_L_X6Y118/EL1BEG2,INT_R_X5Y118,INT_R,5,118,INT_R_X5Y118/ER1BEG3,INT_L_X6Y118/EL1BEG2,i_sca_pqc_adapter.i_sca_pqc.rs2_reg[28],132.42498665242925,301
92,CLBLM_L_X10Y82/CLBLM_L_BX->SITEWIRE/SLICE_X13Y82/BX,CLBLM_L_X10Y82,CLBLM_L,10,82,CLBLM_L_X10Y82/CLBLM_L_BX,SITEWIRE/SLICE_X13Y82/BX,i_sca_pqc_adapter.i_sca_pqc.rs2_reg[28],0,0
93,INT_L_X10Y89/NW6BEG0->INT_L_X8Y94/NN2A0,INT_L_X10Y89,INT_L,10,89,INT_L_X10Y89/NW6BEG0,INT_L_X8Y94/NN2A0,i_sca_pqc_adapter.i_sca_pqc.rs2_reg[28],132.42498665242925,301
94,INT_L_X8Y96/NN2A0->INT_L_X8Y98/NE2A0,INT_L_X8Y96,INT_L,8,96,INT_L_X8Y96/NN2A0,INT_L_X8Y98/NE2A0,i_sca_pqc_adapter.i_sca_pqc.rs2_reg[28],132.42498665242925,301
95,INT_L_X8Y98/NE2A0->INT_R_X9Y97/BYP_ALT7,INT_L_X8Y98,INT_L,8,98,INT_L_X8Y98/NE2A0,INT_R_X9Y97/BYP_ALT7,i_sca_pqc_adapter.i_sca_pqc.rs2_reg[28],132.42498665242925,301
96,CLBLM_L_X8Y56/CLBLM_M_A1->SITEWIRE/SLICE_X10Y56/A5,CLBLM_L_X8Y56,CLBLM_L,8,56,CLBLM_L_X8Y56/CLBLM_M_A1,SITEWIRE/SLICE_X10Y56/A5,i_sca_pqc_adapter.i_sca_pqc.rs2_reg[28],0,0
97,INT_L_X8Y63/SR1BEG1->INT_L_X8Y62/ER1BEG2,INT_L_X8Y63,INT_L,8,63,INT_L_X8Y63/SR1BEG1,INT_L_X8Y62/ER1BEG2,i_sca_pqc_adapter.i_sca_pqc.rs2_reg[28],132.42498665242925,301
98,INT_R_X9Y97/BYP_ALT7->INT_R_X9Y97/BYP_BOUNCE7,INT_R_X9Y97,INT_R,9,97,INT_R_X9Y97/BYP_ALT7,INT_R_X9Y97/BYP_BOUNCE7,i_sca_pqc_adapter.i_sca_pqc.rs2_reg[28],132.42498665242925,301
99,INT_L_X20Y88/SS6A0->INT_L_X20Y82/SS2A0,INT_L_X20Y88,INT_L,20,88,INT_L_X20Y88/SS6A0,INT_L_X20Y82/SS2A0,i_sca_pqc_adapter.i_sca_pqc.rs2_reg[28],132.42498665242925,301
100,INT_R_X9Y95/NN6A0->INT_R_X9Y110/LV10,INT_R_X9Y95,INT_R,9,95,INT_R_X9Y95/NN6A0,INT_R_X9Y110/LV10,i_sca_pqc_adapter.i_sca_pqc.rs2_reg[28],132.42498665242925,301
101,INT_L_X34Y117/IMUX_L8->DSP_L_X34Y115/DSP_1_B11,INT_L_X34Y117,INT_L,34,117,INT_L_X34Y117/IMUX_L8,DSP_L_X34Y115/DSP_1_B11,i_sca_pqc_adapter.i_sca_pqc.rs2_reg[28],132.42498665242925,301
102,CLBLM_L_X20Y89/CLBLM_L_CMUX->INT_L_X20Y89/LOGIC_OUTS_L18,CLBLM_L_X20Y89,CLBLM_L,20,89,CLBLM_L_X20Y89/CLBLM_L_CMUX,INT_L_X20Y89/LOGIC_OUTS_L18,i_sca_pqc_adapter.i_sca_pqc.rs2_reg[28],0,0
103,INT_R_X5Y131/IMUX33->CLBLM_R_X5Y131/CLBLM_L_C1,INT_R_X5Y131,INT_R,5,131,INT_R_X5Y131/IMUX33,CLBLM_R_X5Y131/CLBLM_L_C1,i_sca_pqc_adapter.i_sca_pqc.rs2_reg[28],132.42498665242925,301
104,DSP_R_X9Y95/DSP_0_B12->SITEWIRE/DSP48_X0Y38/B12,DSP_R_X9Y95,DSP_R,9,95,DSP_R_X9Y95/DSP_0_B12,SITEWIRE/DSP48_X0Y38/B12,i_sca_pqc_adapter.i_sca_pqc.rs2_reg[28],0,0
105,INT_L_X6Y131/WR1END2->INT_R_X5Y131/WL1END0,INT_L_X6Y131,INT_L,6,131,INT_L_X6Y131/WR1END2,INT_R_X5Y131/WL1END0,i_sca_pqc_adapter.i_sca_pqc.rs2_reg[28],132.42498665242925,301
106,INT_R_X5Y131/WL1END0->INT_R_X5Y131/IMUX33,INT_R_X5Y131,INT_R,5,131,INT_R_X5Y131/WL1END0,INT_R_X5Y131/IMUX33,i_sca_pqc_adapter.i_sca_pqc.rs2_reg[28],132.42498665242925,301
107,INT_L_X34Y81/NR1BEG0->INT_L_X34Y92/LV_L10,INT_L_X34Y81,INT_L,34,81,INT_L_X34Y81/NR1BEG0,INT_L_X34Y92/LV_L10,i_sca_pqc_adapter.i_sca_pqc.rs2_reg[28],132.42498665242925,301
108,INT_L_X10Y89/WW4END0->INT_L_X10Y89/NW6BEG0,INT_L_X10Y89,INT_L,10,89,INT_L_X10Y89/WW4END0,INT_L_X10Y89/NW6BEG0,i_sca_pqc_adapter.i_sca_pqc.rs2_reg[28],132.42498665242925,301
109,INT_R_X9Y59/SS2A2->INT_L_X8Y58/WW2A2,INT_R_X9Y59,INT_R,9,59,INT_R_X9Y59/SS2A2,INT_L_X8Y58/WW2A2,i_sca_pqc_adapter.i_sca_pqc.rs2_reg[28],132.42498665242925,301
110,INT_R_X9Y110/LV10->INT_R_X5Y118/WW4END3,INT_R_X9Y110,INT_R,9,110,INT_R_X9Y110/LV10,INT_R_X5Y118/WW4END3,i_sca_pqc_adapter.i_sca_pqc.rs2_reg[28],132.42498665242925,301
111,INT_R_X9Y118/FAN_BOUNCE5->INT_R_X9Y118/IMUX43,INT_R_X9Y118,INT_R,9,118,INT_R_X9Y118/FAN_BOUNCE5,INT_R_X9Y118/IMUX43,i_sca_pqc_adapter.i_sca_pqc.rs2_reg[28],132.42498665242925,301
112,DSP_L_X34Y80/DSP_1_B11->SITEWIRE/DSP48_X1Y33/B11,DSP_L_X34Y80,DSP_L,34,80,DSP_L_X34Y80/DSP_1_B11,SITEWIRE/DSP48_X1Y33/B11,i_sca_pqc_adapter.i_sca_pqc.rs2_reg[28],0,0
113,INT_R_X9Y118/FAN_ALT5->INT_R_X9Y118/FAN_BOUNCE5,INT_R_X9Y118,INT_R,9,118,INT_R_X9Y118/FAN_ALT5,INT_R_X9Y118/FAN_BOUNCE5,i_sca_pqc_adapter.i_sca_pqc.rs2_reg[28],132.42498665242925,301
114,INT_L_X10Y82/BYP_ALT5->INT_L_X10Y82/BYP_L5,INT_L_X10Y82,INT_L,10,82,INT_L_X10Y82/BYP_ALT5,INT_L_X10Y82/BYP_L5,i_sca_pqc_adapter.i_sca_pqc.rs2_reg[28],132.42498665242925,301
115,INT_L_X8Y118/EE2A2->INT_R_X9Y118/FAN_ALT5,INT_L_X8Y118,INT_L,8,118,INT_L_X8Y118/EE2A2,INT_R_X9Y118/FAN_ALT5,i_sca_pqc_adapter.i_sca_pqc.rs2_reg[28],132.42498665242925,301
116,DSP_R_X9Y115/DSP_0_B12->SITEWIRE/DSP48_X0Y46/B12,DSP_R_X9Y115,DSP_R,9,115,DSP_R_X9Y115/DSP_0_B12,SITEWIRE/DSP48_X0Y46/B12,i_sca_pqc_adapter.i_sca_pqc.rs2_reg[28],0,0
117,INT_R_X5Y118/WW4END3->INT_R_X5Y118/ER1BEG3,INT_R_X5Y118,INT_R,5,118,INT_R_X5Y118/WW4END3,INT_R_X5Y118/ER1BEG3,i_sca_pqc_adapter.i_sca_pqc.rs2_reg[28],132.42498665242925,301
118,INT_L_X8Y94/NE2A0->INT_R_X9Y95/NN6A0,INT_L_X8Y94,INT_L,8,94,INT_L_X8Y94/NE2A0,INT_R_X9Y95/NN6A0,i_sca_pqc_adapter.i_sca_pqc.rs2_reg[28],132.42498665242925,301
119,INT_L_X10Y82/ER1END1->INT_L_X10Y82/BYP_ALT5,INT_L_X10Y82,INT_L,10,82,INT_L_X10Y82/ER1END1,INT_L_X10Y82/BYP_ALT5,i_sca_pqc_adapter.i_sca_pqc.rs2_reg[28],132.42498665242925,301
120,INT_L_X10Y82/WL1BEG3->INT_R_X9Y82/SR1BEG_S0,INT_L_X10Y82,INT_L,10,82,INT_L_X10Y82/WL1BEG3,INT_R_X9Y82/SR1BEG_S0,i_sca_pqc_adapter.i_sca_pqc.rs2_reg[28],132.42498665242925,301
121,INT_L_X6Y118/EL1BEG2->INT_L_X8Y118/EE2A2,INT_L_X6Y118,INT_L,6,118,INT_L_X6Y118/EL1BEG2,INT_L_X8Y118/EE2A2,i_sca_pqc_adapter.i_sca_pqc.rs2_reg[28],132.42498665242925,301
122,INT_L_X8Y56/IMUX_L7->CLBLM_L_X8Y56/CLBLM_M_A1,INT_L_X8Y56,INT_L,8,56,INT_L_X8Y56/IMUX_L7,CLBLM_L_X8Y56/CLBLM_M_A1,i_sca_pqc_adapter.i_sca_pqc.rs2_reg[28],132.42498665242925,301
123,INT_L_X8Y57/SS2A3->INT_L_X8Y56/IMUX_L7,INT_L_X8Y57,INT_L,8,57,INT_L_X8Y57/SS2A3,INT_L_X8Y56/IMUX_L7,i_sca_pqc_adapter.i_sca_pqc.rs2_reg[28],132.42498665242925,301
124,INT_L_X10Y83/WW4END1->INT_L_X10Y82/WL1BEG3,INT_L_X10Y83,INT_L,10,83,INT_L_X10Y83/WW4END1,INT_L_X10Y82/WL1BEG3,i_sca_pqc_adapter.i_sca_pqc.rs2_reg[28],132.42498665242925,301
125,INT_L_X34Y110/NN6A1->INT_L_X34Y115/NL1BEG0,INT_L_X34Y110,INT_L,34,110,INT_L_X34Y110/NN6A1,INT_L_X34Y115/NL1BEG0,i_sca_pqc_adapter.i_sca_pqc.rs2_reg[28],132.42498665242925,301
126,INT_L_X8Y58/ER1END3->INT_L_X8Y57/SS2A3,INT_L_X8Y58,INT_L,8,58,INT_L_X8Y58/ER1END3,INT_L_X8Y57/SS2A3,i_sca_pqc_adapter.i_sca_pqc.rs2_reg[28],132.42498665242925,301
127,INT_R_X9Y98/IMUX43->DSP_R_X9Y95/DSP_0_B12,INT_R_X9Y98,INT_R,9,98,INT_R_X9Y98/IMUX43,DSP_R_X9Y95/DSP_0_B12,i_sca_pqc_adapter.i_sca_pqc.rs2_reg[28],132.42498665242925,301
128,INT_L_X20Y88/SS6A0->INT_L_X10Y83/WW4END1,INT_L_X20Y88,INT_L,20,88,INT_L_X20Y88/SS6A0,INT_L_X10Y83/WW4END1,i_sca_pqc_adapter.i_sca_pqc.rs2_reg[28],132.42498665242925,301
129,INT_L_X20Y89/LOGIC_OUTS_L18->INT_L_X20Y88/SS6A0,INT_L_X20Y89,INT_L,20,89,INT_L_X20Y89/LOGIC_OUTS_L18,INT_L_X20Y88/SS6A0,i_sca_pqc_adapter.i_sca_pqc.rs2_reg[28],132.42498665242925,301
130,INT_R_X9Y61/SS2A2->INT_R_X9Y59/SS2A2,INT_R_X9Y61,INT_R,9,61,INT_R_X9Y61/SS2A2,INT_R_X9Y59/SS2A2,i_sca_pqc_adapter.i_sca_pqc.rs2_reg[28],132.42498665242925,301
131,INT_R_X11Y71/SW6A0->INT_L_X10Y67/SW6BEG0,INT_R_X11Y71,INT_R,11,71,INT_R_X11Y71/SW6A0,INT_L_X10Y67/SW6BEG0,i_sca_pqc_adapter.i_sca_pqc.rs2_reg[28],132.42498665242925,301
132,INT_R_X9Y82/SR1BEG_S0->INT_L_X10Y82/ER1END1,INT_R_X9Y82,INT_R,9,82,INT_R_X9Y82/SR1BEG_S0,INT_L_X10Y82/ER1END1,i_sca_pqc_adapter.i_sca_pqc.rs2_reg[28],132.42498665242925,301
133,INT_L_X8Y58/WW2A2->INT_L_X8Y58/ER1END3,INT_L_X8Y58,INT_L,8,58,INT_L_X8Y58/WW2A2,INT_L_X8Y58/ER1END3,i_sca_pqc_adapter.i_sca_pqc.rs2_reg[28],132.42498665242925,301
134,INT_L_X10Y67/SW6BEG0->INT_L_X8Y63/SR1BEG1,INT_L_X10Y67,INT_L,10,67,INT_L_X10Y67/SW6BEG0,INT_L_X8Y63/SR1BEG1,i_sca_pqc_adapter.i_sca_pqc.rs2_reg[28],132.42498665242925,301
135,INT_L_X18Y76/SS6A0->INT_R_X11Y71/SW6A0,INT_L_X18Y76,INT_L,18,76,INT_L_X18Y76/SS6A0,INT_R_X11Y71/SW6A0,i_sca_pqc_adapter.i_sca_pqc.rs2_reg[28],132.42498665242925,301
136,INT_L_X8Y62/ER1BEG2->INT_R_X9Y61/SS2A2,INT_L_X8Y62,INT_L,8,62,INT_L_X8Y62/ER1BEG2,INT_R_X9Y61/SS2A2,i_sca_pqc_adapter.i_sca_pqc.rs2_reg[28],132.42498665242925,301
137,INT_R_X19Y81/SW6A0->INT_L_X18Y76/SS6A0,INT_R_X19Y81,INT_R,19,81,INT_R_X19Y81/SW6A0,INT_L_X18Y76/SS6A0,i_sca_pqc_adapter.i_sca_pqc.rs2_reg[28],132.42498665242925,301
138,INT_L_X20Y82/SS2A0->INT_R_X19Y81/SW6A0,INT_L_X20Y82,INT_L,20,82,INT_L_X20Y82/SS2A0,INT_R_X19Y81/SW6A0,i_sca_pqc_adapter.i_sca_pqc.rs2_reg[28],132.42498665242925,301
139,DSP_L_X34Y115/DSP_1_B11->SITEWIRE/DSP48_X1Y47/B11,DSP_L_X34Y115,DSP_L,34,115,DSP_L_X34Y115/DSP_1_B11,SITEWIRE/DSP48_X1Y47/B11,i_sca_pqc_adapter.i_sca_pqc.rs2_reg[28],0,0
140,INT_R_X9Y146/LVB10->INT_R_X5Y148/WW4END2,INT_R_X9Y146,INT_R,9,146,INT_R_X9Y146/LVB10,INT_R_X5Y148/WW4END2,i_sca_pqc_adapter.i_sca_pqc.rs2_reg[28],132.42498665242925,301
141,INT_L_X20Y89/LOGIC_OUTS_L18->INT_L_X10Y89/WW4END0,INT_L_X20Y89,INT_L,20,89,INT_L_X20Y89/LOGIC_OUTS_L18,INT_L_X10Y89/WW4END0,i_sca_pqc_adapter.i_sca_pqc.rs2_reg[28],132.42498665242925,301
142,INT_L_X34Y116/NR1BEG0->INT_L_X34Y117/IMUX_L8,INT_L_X34Y116,INT_L,34,116,INT_L_X34Y116/NR1BEG0,INT_L_X34Y117/IMUX_L8,i_sca_pqc_adapter.i_sca_pqc.rs2_reg[28],132.42498665242925,301
143,INT_L_X34Y115/NL1BEG0->INT_L_X34Y116/NR1BEG0,INT_L_X34Y115,INT_L,34,115,INT_L_X34Y115/NL1BEG0,INT_L_X34Y116/NR1BEG0,i_sca_pqc_adapter.i_sca_pqc.rs2_reg[28],132.42498665242925,301
144,INT_R_X9Y118/IMUX43->DSP_R_X9Y115/DSP_0_B12,INT_R_X9Y118,INT_R,9,118,INT_R_X9Y118/IMUX43,DSP_R_X9Y115/DSP_0_B12,i_sca_pqc_adapter.i_sca_pqc.rs2_reg[28],132.42498665242925,301
145,INT_L_X32Y81/EE2BEG0->INT_L_X34Y81/NR1BEG0,INT_L_X32Y81,INT_L,32,81,INT_L_X32Y81/EE2BEG0,INT_L_X34Y81/NR1BEG0,i_sca_pqc_adapter.i_sca_pqc.rs2_reg[28],132.42498665242925,301
146,INT_L_X10Y89/NW6BEG0->INT_L_X8Y94/NE2A0,INT_L_X10Y89,INT_L,10,89,INT_L_X10Y89/NW6BEG0,INT_L_X8Y94/NE2A0,i_sca_pqc_adapter.i_sca_pqc.rs2_reg[28],132.42498665242925,301
147,INT_L_X34Y110/LV_L10->INT_L_X34Y110/NN6A1,INT_L_X34Y110,INT_L,34,110,INT_L_X34Y110/LV_L10,INT_L_X34Y110/NN6A1,i_sca_pqc_adapter.i_sca_pqc.rs2_reg[28],132.42498665242925,301
148,INT_L_X34Y92/LV_L10->INT_L_X34Y110/LV_L10,INT_L_X34Y92,INT_L,34,92,INT_L_X34Y92/LV_L10,INT_L_X34Y110/LV_L10,i_sca_pqc_adapter.i_sca_pqc.rs2_reg[28],132.42498665242925,301
149,INT_L_X6Y137/LH12->INT_R_X5Y137/NW6A0,INT_L_X6Y137,INT_L,6,137,INT_L_X6Y137/LH12,INT_R_X5Y137/NW6A0,i_sca_pqc_adapter.i_sca_pqc.rs2_reg[25],132.42498665242925,301
150,INT_R_X5Y137/NW6A0->INT_L_X4Y140/SR1BEG_S0,INT_R_X5Y137,INT_R,5,137,INT_R_X5Y137/NW6A0,INT_L_X4Y140/SR1BEG_S0,i_sca_pqc_adapter.i_sca_pqc.rs2_reg[25],132.42498665242925,301
151,INT_L_X4Y140/SR1BEG_S0->INT_L_X4Y139/SW2A0,INT_L_X4Y140,INT_L,4,140,INT_L_X4Y140/SR1BEG_S0,INT_L_X4Y139/SW2A0,i_sca_pqc_adapter.i_sca_pqc.rs2_reg[25],132.42498665242925,301
152,INT_R_X3Y139/SL1BEG0->INT_R_X3Y138/IMUX33,INT_R_X3Y139,INT_R,3,139,INT_R_X3Y139/SL1BEG0,INT_R_X3Y138/IMUX33,i_sca_pqc_adapter.i_sca_pqc.rs2_reg[25],132.42498665242925,301
153,CLBLM_R_X3Y138/CLBLM_L_C1->SITEWIRE/SLICE_X3Y138/C4,CLBLM_R_X3Y138,CLBLM_R,3,138,CLBLM_R_X3Y138/CLBLM_L_C1,SITEWIRE/SLICE_X3Y138/C4,i_sca_pqc_adapter.i_sca_pqc.rs2_reg[25],0,0
154,INT_L_X6Y146/LH12->INT_L_X4Y149/SW6END3,INT_L_X6Y146,INT_L,6,146,INT_L_X6Y146/LH12,INT_L_X4Y149/SW6END3,i_sca_pqc_adapter.i_sca_pqc.rs2_reg[25],132.42498665242925,301
155,INT_L_X4Y148/IMUX_L15->CLBLL_L_X4Y148/CLBLL_LL_B1,INT_L_X4Y148,INT_L,4,148,INT_L_X4Y148/IMUX_L15,CLBLL_L_X4Y148/CLBLL_LL_B1,i_sca_pqc_adapter.i_sca_pqc.rs2_reg[25],132.42498665242925,301
156,CLBLL_L_X4Y148/CLBLL_LL_B1->SITEWIRE/SLICE_X4Y148/B1,CLBLL_L_X4Y148,CLBLL_L,4,148,CLBLL_L_X4Y148/CLBLL_LL_B1,SITEWIRE/SLICE_X4Y148/B1,i_sca_pqc_adapter.i_sca_pqc.rs2_reg[25],0,0
157,INT_L_X16Y117/SS2A0->INT_L_X16Y116/ER1BEG1,INT_L_X16Y117,INT_L,16,117,INT_L_X16Y117/SS2A0,INT_L_X16Y116/ER1BEG1,i_sca_pqc_adapter.i_sca_pqc.rs2_reg[25],132.42498665242925,301
158,INT_L_X6Y118/EE2BEG0->INT_L_X8Y118/ER1BEG1,INT_L_X6Y118,INT_L,6,118,INT_L_X6Y118/EE2BEG0,INT_L_X8Y118/ER1BEG1,i_sca_pqc_adapter.i_sca_pqc.rs2_reg[25],132.42498665242925,301
159,INT_R_X17Y116/BYP4->CLBLL_R_X17Y116/CLBLL_LL_BX,INT_R_X17Y116,INT_R,17,116,INT_R_X17Y116/BYP4,CLBLL_R_X17Y116/CLBLL_LL_BX,i_sca_pqc_adapter.i_sca_pqc.rs2_reg[25],132.42498665242925,301
160,INT_L_X16Y116/ER1BEG1->INT_R_X17Y116/BYP_ALT4,INT_L_X16Y116,INT_L,16,116,INT_L_X16Y116/ER1BEG1,INT_R_X17Y116/BYP_ALT4,i_sca_pqc_adapter.i_sca_pqc.rs2_reg[25],132.42498665242925,301
161,CLBLL_R_X17Y116/CLBLL_LL_BX->SITEWIRE/SLICE_X26Y116/BX,CLBLL_R_X17Y116,CLBLL_R,17,116,CLBLL_R_X17Y116/CLBLL_LL_BX,SITEWIRE/SLICE_X26Y116/BX,i_sca_pqc_adapter.i_sca_pqc.rs2_reg[25],0,0
162,INT_L_X8Y118/SE6BEG0->INT_L_X10Y114/SW6BEG0,INT_L_X8Y118,INT_L,8,118,INT_L_X8Y118/SE6BEG0,INT_L_X10Y114/SW6BEG0,i_sca_pqc_adapter.i_sca_pqc.rs2_reg[25],132.42498665242925,301
163,INT_L_X34Y108/NR1BEG0->INT_L_X34Y91/LV_L0,INT_L_X34Y108,INT_L,34,108,INT_L_X34Y108/NR1BEG0,INT_L_X34Y91/LV_L0,i_sca_pqc_adapter.i_sca_pqc.rs2_reg[25],132.42498665242925,301
164,INT_L_X10Y114/SW6BEG0->INT_L_X8Y110/SE6BEG0,INT_L_X10Y114,INT_L,10,114,INT_L_X10Y114/SW6BEG0,INT_L_X8Y110/SE6BEG0,i_sca_pqc_adapter.i_sca_pqc.rs2_reg[25],132.42498665242925,301
165,INT_L_X20Y117/SE2A0->INT_R_X21Y117/EE4BEG0,INT_L_X20Y117,INT_L,20,117,INT_L_X20Y117/SE2A0,INT_R_X21Y117/EE4BEG0,i_sca_pqc_adapter.i_sca_pqc.rs2_reg[25],132.42498665242925,301
166,CLBLL_L_X4Y122/CLBLL_L_AQ->INT_L_X4Y122/LOGIC_OUTS_L0,CLBLL_L_X4Y122,CLBLL_L,4,122,CLBLL_L_X4Y122/CLBLL_L_AQ,INT_L_X4Y122/LOGIC_OUTS_L0,i_sca_pqc_adapter.i_sca_pqc.rs2_reg[25],0,0
167,INT_L_X18Y138/LV_L10->INT_L_X18Y138/NN6A1,INT_L_X18Y138,INT_L,18,138,INT_L_X18Y138/LV_L10,INT_L_X18Y138/NN6A1,i_sca_pqc_adapter.i_sca_pqc.rs2_reg[25],132.42498665242925,301
168,DSP_R_X9Y115/DSP_0_B9->SITEWIRE/DSP48_X0Y46/B9,DSP_R_X9Y115,DSP_R,9,115,DSP_R_X9Y115/DSP_0_B9,SITEWIRE/DSP48_X0Y46/B9,i_sca_pqc_adapter.i_sca_pqc.rs2_reg[25],0,0
169,INT_L_X4Y149/SL1BEG3->INT_L_X4Y148/IMUX_L15,INT_L_X4Y149,INT_L,4,149,INT_L_X4Y149/SL1BEG3,INT_L_X4Y148/IMUX_L15,i_sca_pqc_adapter.i_sca_pqc.rs2_reg[25],132.42498665242925,301
170,INT_R_X9Y117/IMUX18->DSP_R_X9Y115/DSP_0_B9,INT_R_X9Y117,INT_R,9,117,INT_R_X9Y117/IMUX18,DSP_R_X9Y115/DSP_0_B9,i_sca_pqc_adapter.i_sca_pqc.rs2_reg[25],132.42498665242925,301
171,INT_L_X12Y118/EE4BEG0->INT_L_X16Y117/SS2A0,INT_L_X12Y118,INT_L,12,118,INT_L_X12Y118/EE4BEG0,INT_L_X16Y117/SS2A0,i_sca_pqc_adapter.i_sca_pqc.rs2_reg[25],132.42498665242925,301
172,INT_R_X33Y116/SE2A0->INT_L_X34Y115/SS6A0,INT_R_X33Y116,INT_R,33,116,INT_R_X33Y116/SE2A0,INT_L_X34Y115/SS6A0,i_sca_pqc_adapter.i_sca_pqc.rs2_reg[25],132.42498665242925,301
173,INT_R_X9Y118/SL1BEG1->INT_R_X9Y117/IMUX18,INT_R_X9Y118,INT_R,9,118,INT_R_X9Y118/SL1BEG1,INT_R_X9Y117/IMUX18,i_sca_pqc_adapter.i_sca_pqc.rs2_reg[25],132.42498665242925,301
174,INT_L_X8Y118/EE4BEG0->INT_L_X12Y118/EE4BEG0,INT_L_X8Y118,INT_L,8,118,INT_L_X8Y118/EE4BEG0,INT_L_X12Y118/EE4BEG0,i_sca_pqc_adapter.i_sca_pqc.rs2_reg[25],132.42498665242925,301
175,INT_R_X3Y138/IMUX33->CLBLM_R_X3Y138/CLBLM_L_C1,INT_R_X3Y138,INT_R,3,138,INT_R_X3Y138/IMUX33,CLBLM_R_X3Y138/CLBLM_L_C1,i_sca_pqc_adapter.i_sca_pqc.rs2_reg[25],132.42498665242925,301
176,INT_L_X16Y118/NE6BEG0->INT_L_X18Y123/NN6A0,INT_L_X16Y118,INT_L,16,118,INT_L_X16Y118/NE6BEG0,INT_L_X18Y123/NN6A0,i_sca_pqc_adapter.i_sca_pqc.rs2_reg[25],132.42498665242925,301
177,INT_L_X4Y122/SE6BEG0->INT_L_X6Y118/EE2BEG0,INT_L_X4Y122,INT_L,4,122,INT_L_X4Y122/SE6BEG0,INT_L_X6Y118/EE2BEG0,i_sca_pqc_adapter.i_sca_pqc.rs2_reg[25],132.42498665242925,301
178,INT_L_X18Y138/NN6A1->INT_L_X18Y144/NN2A1,INT_L_X18Y138,INT_L,18,138,INT_L_X18Y138/NN6A1,INT_L_X18Y144/NN2A1,i_sca_pqc_adapter.i_sca_pqc.rs2_reg[25],132.42498665242925,301
179,INT_L_X4Y122/LOGIC_OUTS_L0->INT_L_X4Y122/SE6BEG0,INT_L_X4Y122,INT_L,4,122,INT_L_X4Y122/LOGIC_OUTS_L0,INT_L_X4Y122/SE6BEG0,i_sca_pqc_adapter.i_sca_pqc.rs2_reg[25],132.42498665242925,301
180,INT_R_X17Y116/BYP_ALT4->INT_R_X17Y116/BYP4,INT_R_X17Y116,INT_R,17,116,INT_R_X17Y116/BYP_ALT4,INT_R_X17Y116/BYP4,i_sca_pqc_adapter.i_sca_pqc.rs2_reg[25],132.42498665242925,301
181,INT_L_X10Y98/SR1BEG1->INT_L_X10Y97/WL1BEG0,INT_L_X10Y98,INT_L,10,98,INT_L_X10Y98/SR1BEG1,INT_L_X10Y97/WL1BEG0,i_sca_pqc_adapter.i_sca_pqc.rs2_reg[25],132.42498665242925,301
182,INT_L_X4Y139/SW2A0->INT_R_X3Y139/SL1BEG0,INT_L_X4Y139,INT_L,4,139,INT_L_X4Y139/SW2A0,INT_R_X3Y139/SL1BEG0,i_sca_pqc_adapter.i_sca_pqc.rs2_reg[25],132.42498665242925,301
183,INT_L_X18Y123/NN6A0->INT_L_X18Y138/LV_L10,INT_L_X18Y123,INT_L,18,123,INT_L_X18Y123/NN6A0,INT_L_X18Y138/LV_L10,i_sca_pqc_adapter.i_sca_pqc.rs2_reg[25],132.42498665242925,301
184,CLBLL_R_X19Y145/CLBLL_LL_A5->SITEWIRE/SLICE_X28Y145/A5,CLBLL_R_X19Y145,CLBLL_R,19,145,CLBLL_R_X19Y145/CLBLL_LL_A5,SITEWIRE/SLICE_X28Y145/A5,i_sca_pqc_adapter.i_sca_pqc.rs2_reg[25],0,0
185,INT_L_X10Y97/WL1BEG0->INT_R_X9Y97/IMUX18,INT_L_X10Y97,INT_L,10,97,INT_L_X10Y97/WL1BEG0,INT_R_X9Y97/IMUX18,i_sca_pqc_adapter.i_sca_pqc.rs2_reg[25],132.42498665242925,301
186,INT_L_X8Y110/SE6BEG0->INT_L_X10Y105/SS6A0,INT_L_X8Y110,INT_L,8,110,INT_L_X8Y110/SE6BEG0,INT_L_X10Y105/SS6A0,i_sca_pqc_adapter.i_sca_pqc.rs2_reg[25],132.42498665242925,301
187,INT_L_X8Y118/ER1BEG1->INT_R_X9Y118/SL1BEG1,INT_L_X8Y118,INT_L,8,118,INT_L_X8Y118/ER1BEG1,INT_R_X9Y118/SL1BEG1,i_sca_pqc_adapter.i_sca_pqc.rs2_reg[25],132.42498665242925,301
188,INT_R_X9Y97/IMUX18->DSP_R_X9Y95/DSP_0_B9,INT_R_X9Y97,INT_R,9,97,INT_R_X9Y97/IMUX18,DSP_R_X9Y95/DSP_0_B9,i_sca_pqc_adapter.i_sca_pqc.rs2_reg[25],132.42498665242925,301
189,INT_L_X18Y138/LV_L10->INT_L_X6Y146/LH12,INT_L_X18Y138,INT_L,18,138,INT_L_X18Y138/LV_L10,INT_L_X6Y146/LH12,i_sca_pqc_adapter.i_sca_pqc.rs2_reg[25],132.42498665242925,301
190,INT_L_X10Y100/SS2BEG0->INT_L_X10Y98/SR1BEG1,INT_L_X10Y100,INT_L,10,100,INT_L_X10Y100/SS2BEG0,INT_L_X10Y98/SR1BEG1,i_sca_pqc_adapter.i_sca_pqc.rs2_reg[25],132.42498665242925,301
191,INT_L_X18Y144/NN2A1->INT_L_X18Y145/EL1BEG0,INT_L_X18Y144,INT_L,18,144,INT_L_X18Y144/NN2A1,INT_L_X18Y145/EL1BEG0,i_sca_pqc_adapter.i_sca_pqc.rs2_reg[25],132.42498665242925,301
192,INT_L_X34Y79/NE6BEG2->INT_L_X36Y83/SL1BEG2,INT_L_X34Y79,INT_L,34,79,INT_L_X34Y79/NE6BEG2,INT_L_X36Y83/SL1BEG2,i_sca_pqc_adapter.i_sca_pqc.rs2_reg[25],132.42498665242925,301
193,INT_L_X18Y145/EL1BEG0->INT_R_X19Y145/IMUX8,INT_L_X18Y145,INT_L,18,145,INT_L_X18Y145/EL1BEG0,INT_R_X19Y145/IMUX8,i_sca_pqc_adapter.i_sca_pqc.rs2_reg[25],132.42498665242925,301
194,INT_L_X4Y149/SW6END3->INT_L_X4Y149/SL1BEG3,INT_L_X4Y149,INT_L,4,149,INT_L_X4Y149/SW6END3,INT_L_X4Y149/SL1BEG3,i_sca_pqc_adapter.i_sca_pqc.rs2_reg[25],132.42498665242925,301
195,INT_L_X34Y116/NR1BEG3->INT_L_X34Y117/IMUX_L14,INT_L_X34Y116,INT_L,34,116,INT_L_X34Y116/NR1BEG3,INT_L_X34Y117/IMUX_L14,i_sca_pqc_adapter.i_sca_pqc.rs2_reg[25],132.42498665242925,301
196,INT_L_X10Y105/SS6A0->INT_L_X10Y100/SS2BEG0,INT_L_X10Y105,INT_L,10,105,INT_L_X10Y105/SS6A0,INT_L_X10Y100/SS2BEG0,i_sca_pqc_adapter.i_sca_pqc.rs2_reg[25],132.42498665242925,301
197,DSP_L_X34Y80/DSP_1_B8->SITEWIRE/DSP48_X1Y33/B8,DSP_L_X34Y80,DSP_L,34,80,DSP_L_X34Y80/DSP_1_B8,SITEWIRE/DSP48_X1Y33/B8,i_sca_pqc_adapter.i_sca_pqc.rs2_reg[25],0,0
198,INT_L_X16Y118/EE4BEG0->INT_L_X20Y117/SE2A0,INT_L_X16Y118,INT_L,16,118,INT_L_X16Y118/EE4BEG0,INT_L_X20Y117/SE2A0,i_sca_pqc_adapter.i_sca_pqc.rs2_reg[25],132.42498665242925,301
199,INT_L_X34Y82/IMUX_L14->DSP_L_X34Y80/DSP_1_B8,INT_L_X34Y82,INT_L,34,82,INT_L_X34Y82/IMUX_L14,DSP_L_X34Y80/DSP_1_B8,i_sca_pqc_adapter.i_sca_pqc.rs2_reg[25],132.42498665242925,301
200,INT_L_X6Y118/EE2BEG0->INT_L_X8Y118/SE6BEG0,INT_L_X6Y118,INT_L,6,118,INT_L_X6Y118/EE2BEG0,INT_L_X8Y118/SE6BEG0,i_sca_pqc_adapter.i_sca_pqc.rs2_reg[25],132.42498665242925,301
201,INT_L_X12Y118/EE4BEG0->INT_L_X16Y118/NE6BEG0,INT_L_X12Y118,INT_L,12,118,INT_L_X12Y118/EE4BEG0,INT_L_X16Y118/NE6BEG0,i_sca_pqc_adapter.i_sca_pqc.rs2_reg[25],132.42498665242925,301
202,INT_L_X36Y83/SL1BEG2->INT_L_X34Y82/WW2END2,INT_L_X36Y83,INT_L,36,83,INT_L_X36Y83/SL1BEG2,INT_L_X34Y82/WW2END2,i_sca_pqc_adapter.i_sca_pqc.rs2_reg[25],132.42498665242925,301
203,DSP_L_X34Y115/DSP_1_B8->SITEWIRE/DSP48_X1Y47/B8,DSP_L_X34Y115,DSP_L,34,115,DSP_L_X34Y115/DSP_1_B8,SITEWIRE/DSP48_X1Y47/B8,i_sca_pqc_adapter.i_sca_pqc.rs2_reg[25],0,0
204,INT_L_X34Y117/IMUX_L14->DSP_L_X34Y115/DSP_1_B8,INT_L_X34Y117,INT_L,34,117,INT_L_X34Y117/IMUX_L14,DSP_L_X34Y115/DSP_1_B8,i_sca_pqc_adapter.i_sca_pqc.rs2_reg[25],132.42498665242925,301
205,INT_R_X33Y116/EL1BEG3->INT_L_X34Y116/NR1BEG3,INT_R_X33Y116,INT_R,33,116,INT_R_X33Y116/EL1BEG3,INT_L_X34Y116/NR1BEG3,i_sca_pqc_adapter.i_sca_pqc.rs2_reg[25],132.42498665242925,301
206,INT_L_X18Y138/LV_L10->INT_L_X6Y137/LH12,INT_L_X18Y138,INT_L,18,138,INT_L_X18Y138/LV_L10,INT_L_X6Y137/LH12,i_sca_pqc_adapter.i_sca_pqc.rs2_reg[25],132.42498665242925,301
207,DSP_R_X9Y95/DSP_0_B9->SITEWIRE/DSP48_X0Y38/B9,DSP_R_X9Y95,DSP_R,9,95,DSP_R_X9Y95/DSP_0_B9,SITEWIRE/DSP48_X0Y38/B9,i_sca_pqc_adapter.i_sca_pqc.rs2_reg[25],0,0
208,INT_R_X31Y117/EE2BEG0->INT_R_X33Y116/EL1BEG3,INT_R_X31Y117,INT_R,31,117,INT_R_X31Y117/EE2BEG0,INT_R_X33Y116/EL1BEG3,i_sca_pqc_adapter.i_sca_pqc.rs2_reg[25],132.42498665242925,301
209,INT_R_X25Y117/EE4BEG0->INT_R_X31Y117/EE2BEG0,INT_R_X25Y117,INT_R,25,117,INT_R_X25Y117/EE4BEG0,INT_R_X31Y117/EE2BEG0,i_sca_pqc_adapter.i_sca_pqc.rs2_reg[25],132.42498665242925,301
210,INT_L_X12Y118/EE4BEG0->INT_L_X16Y118/EE4BEG0,INT_L_X12Y118,INT_L,12,118,INT_L_X12Y118/EE4BEG0,INT_L_X16Y118/EE4BEG0,i_sca_pqc_adapter.i_sca_pqc.rs2_reg[25],132.42498665242925,301
211,INT_R_X21Y117/EE4BEG0->INT_R_X25Y117/EE4BEG0,INT_R_X21Y117,INT_R,21,117,INT_R_X21Y117/EE4BEG0,INT_R_X25Y117/EE4BEG0,i_sca_pqc_adapter.i_sca_pqc.rs2_reg[25],132.42498665242925,301
212,INT_L_X6Y118/EE2BEG0->INT_L_X8Y118/EE4BEG0,INT_L_X6Y118,INT_L,6,118,INT_L_X6Y118/EE2BEG0,INT_L_X8Y118/EE4BEG0,i_sca_pqc_adapter.i_sca_pqc.rs2_reg[25],132.42498665242925,301
213,INT_R_X31Y117/EE2BEG0->INT_R_X33Y116/SE2A0,INT_R_X31Y117,INT_R,31,117,INT_R_X31Y117/EE2BEG0,INT_R_X33Y116/SE2A0,i_sca_pqc_adapter.i_sca_pqc.rs2_reg[25],132.42498665242925,301
214,INT_L_X34Y82/WW2END2->INT_L_X34Y82/IMUX_L14,INT_L_X34Y82,INT_L,34,82,INT_L_X34Y82/WW2END2,INT_L_X34Y82/IMUX_L14,i_sca_pqc_adapter.i_sca_pqc.rs2_reg[25],132.42498665242925,301
215,INT_R_X19Y145/IMUX8->CLBLL_R_X19Y145/CLBLL_LL_A5,INT_R_X19Y145,INT_R,19,145,INT_R_X19Y145/IMUX8,CLBLL_R_X19Y145/CLBLL_LL_A5,i_sca_pqc_adapter.i_sca_pqc.rs2_reg[25],132.42498665242925,301
216,INT_L_X34Y89/LVB_L10->INT_L_X34Y79/NE6BEG2,INT_L_X34Y89,INT_L,34,89,INT_L_X34Y89/LVB_L10,INT_L_X34Y79/NE6BEG2,i_sca_pqc_adapter.i_sca_pqc.rs2_reg[25],132.42498665242925,301
217,INT_L_X34Y91/LV_L0->INT_L_X34Y89/LVB_L10,INT_L_X34Y91,INT_L,34,91,INT_L_X34Y91/LV_L0,INT_L_X34Y89/LVB_L10,i_sca_pqc_adapter.i_sca_pqc.rs2_reg[25],132.42498665242925,301
218,INT_L_X34Y109/SS2A0->INT_L_X34Y108/NR1BEG0,INT_L_X34Y109,INT_L,34,109,INT_L_X34Y109/SS2A0,INT_L_X34Y108/NR1BEG0,i_sca_pqc_adapter.i_sca_pqc.rs2_reg[25],132.42498665242925,301
219,INT_L_X34Y115/SS6A0->INT_L_X34Y109/SS2A0,INT_L_X34Y115,INT_L,34,115,INT_L_X34Y115/SS6A0,INT_L_X34Y109/SS2A0,i_sca_pqc_adapter.i_sca_pqc.rs2_reg[25],132.42498665242925,301
220,INT_L_X4Y137/ER1END3->INT_L_X4Y138/ER1BEG0,INT_L_X4Y137,INT_L,4,137,INT_L_X4Y137/ER1END3,INT_L_X4Y138/ER1BEG0,i_sca_pqc_adapter.i_sca_pqc.rs2_reg[24],132.42498665242925,301
221,CLBLM_R_X5Y137/CLBLM_L_A5->SITEWIRE/SLICE_X7Y137/A4,CLBLM_R_X5Y137,CLBLM_R,5,137,CLBLM_R_X5Y137/CLBLM_L_A5,SITEWIRE/SLICE_X7Y137/A4,i_sca_pqc_adapter.i_sca_pqc.rs2_reg[24],0,0
222,INT_R_X5Y139/LVB10->INT_L_X4Y141/SW6A2,INT_R_X5Y139,INT_R,5,139,INT_R_X5Y139/LVB10,INT_L_X4Y141/SW6A2,i_sca_pqc_adapter.i_sca_pqc.rs2_reg[24],132.42498665242925,301
223,INT_L_X4Y141/SW6A2->INT_L_X4Y137/ER1END3,INT_L_X4Y141,INT_L,4,141,INT_L_X4Y141/SW6A2,INT_L_X4Y137/ER1END3,i_sca_pqc_adapter.i_sca_pqc.rs2_reg[24],132.42498665242925,301
224,INT_L_X4Y139/NN2A3->INT_L_X4Y140/IMUX_L6,INT_L_X4Y139,INT_L,4,139,INT_L_X4Y139/NN2A3,INT_L_X4Y140/IMUX_L6,i_sca_pqc_adapter.i_sca_pqc.rs2_reg[24],132.42498665242925,301
225,INT_R_X5Y123/LOGIC_OUTS21->INT_R_X5Y125/NN6B3,INT_R_X5Y123,INT_R,5,123,INT_R_X5Y123/LOGIC_OUTS21,INT_R_X5Y125/NN6B3,i_sca_pqc_adapter.i_sca_pqc.rs2_reg[24],132.42498665242925,301
226,INT_R_X5Y125/NN6B3->INT_R_X5Y139/LVB10,INT_R_X5Y125,INT_R,5,125,INT_R_X5Y125/NN6B3,INT_R_X5Y139/LVB10,i_sca_pqc_adapter.i_sca_pqc.rs2_reg[24],132.42498665242925,301
227,INT_L_X34Y85/SS6A2->INT_L_X34Y80/EE2BEG2,INT_L_X34Y85,INT_L,34,85,INT_L_X34Y85/SS6A2,INT_L_X34Y80/EE2BEG2,i_sca_pqc_adapter.i_sca_pqc.rs2_reg[24],132.42498665242925,301
228,INT_R_X9Y91/SS6A2->INT_R_X9Y86/SR1BEG3,INT_R_X9Y91,INT_R,9,91,INT_R_X9Y91/SS6A2,INT_R_X9Y86/SR1BEG3,i_sca_pqc_adapter.i_sca_pqc.rs2_reg[24],132.42498665242925,301
229,INT_L_X10Y115/EE4A3->INT_L_X14Y115/LH11,INT_L_X10Y115,INT_L,10,115,INT_L_X10Y115/EE4A3,INT_L_X14Y115/LH11,i_sca_pqc_adapter.i_sca_pqc.rs2_reg[24],132.42498665242925,301
230,INT_R_X9Y86/SR1BEG3->INT_R_X9Y85/SR1BEG_S0,INT_R_X9Y86,INT_R,9,86,INT_R_X9Y86/SR1BEG3,INT_R_X9Y85/SR1BEG_S0,i_sca_pqc_adapter.i_sca_pqc.rs2_reg[24],132.42498665242925,301
231,CLBLL_L_X4Y140/CLBLL_L_A1->SITEWIRE/SLICE_X5Y140/A3,CLBLL_L_X4Y140,CLBLL_L,4,140,CLBLL_L_X4Y140/CLBLL_L_A1,SITEWIRE/SLICE_X5Y140/A3,i_sca_pqc_adapter.i_sca_pqc.rs2_reg[24],0,0
232,INT_L_X8Y84/WW2A1->INT_R_X7Y84/BYP_ALT5,INT_L_X8Y84,INT_L,8,84,INT_L_X8Y84/WW2A1,INT_R_X7Y84/BYP_ALT5,i_sca_pqc_adapter.i_sca_pqc.rs2_reg[24],132.42498665242925,301
233,INT_R_X7Y84/BYP5->CLBLM_R_X7Y84/CLBLM_L_BX,INT_R_X7Y84,INT_R,7,84,INT_R_X7Y84/BYP5,CLBLM_R_X7Y84/CLBLM_L_BX,i_sca_pqc_adapter.i_sca_pqc.rs2_reg[24],132.42498665242925,301
234,INT_R_X7Y84/BYP_ALT5->INT_R_X7Y84/BYP5,INT_R_X7Y84,INT_R,7,84,INT_R_X7Y84/BYP_ALT5,INT_R_X7Y84/BYP5,i_sca_pqc_adapter.i_sca_pqc.rs2_reg[24],132.42498665242925,301
235,INT_L_X8Y118/SE2END3->INT_L_X8Y116/LVB_L10,INT_L_X8Y118,INT_L,8,118,INT_L_X8Y118/SE2END3,INT_L_X8Y116/LVB_L10,i_sca_pqc_adapter.i_sca_pqc.rs2_reg[24],132.42498665242925,301
236,INT_R_X5Y139/LVB10->INT_L_X4Y141/NW6A2,INT_R_X5Y139,INT_R,5,139,INT_R_X5Y139/LVB10,INT_L_X4Y141/NW6A2,i_sca_pqc_adapter.i_sca_pqc.rs2_reg[24],132.42498665242925,301
237,INT_L_X8Y105/SS6A2->INT_L_X8Y100/SE2BEG2,INT_L_X8Y105,INT_L,8,105,INT_L_X8Y105/SS6A2,INT_L_X8Y100/SE2BEG2,i_sca_pqc_adapter.i_sca_pqc.rs2_reg[24],132.42498665242925,301
238,INT_R_X5Y123/LOGIC_OUTS21->INT_R_X5Y123/SE6BEG3,INT_R_X5Y123,INT_R,5,123,INT_R_X5Y123/LOGIC_OUTS21,INT_R_X5Y123/SE6BEG3,i_sca_pqc_adapter.i_sca_pqc.rs2_reg[24],132.42498665242925,301
239,INT_R_X9Y85/SR1BEG1->INT_L_X8Y84/WW2A1,INT_R_X9Y85,INT_R,9,85,INT_R_X9Y85/SR1BEG1,INT_L_X8Y84/WW2A1,i_sca_pqc_adapter.i_sca_pqc.rs2_reg[24],132.42498665242925,301
240,INT_R_X9Y117/IMUX22->DSP_R_X9Y115/DSP_0_B8,INT_R_X9Y117,INT_R,9,117,INT_R_X9Y117/IMUX22,DSP_R_X9Y115/DSP_0_B8,i_sca_pqc_adapter.i_sca_pqc.rs2_reg[24],132.42498665242925,301
241,INT_L_X8Y98/SL1BEG2->INT_L_X8Y96/SW2A2,INT_L_X8Y98,INT_L,8,98,INT_L_X8Y98/SL1BEG2,INT_L_X8Y96/SW2A2,i_sca_pqc_adapter.i_sca_pqc.rs2_reg[24],132.42498665242925,301
242,INT_L_X8Y100/SE2BEG2->INT_R_X9Y98/SS2A2,INT_L_X8Y100,INT_L,8,100,INT_L_X8Y100/SE2BEG2,INT_R_X9Y98/SS2A2,i_sca_pqc_adapter.i_sca_pqc.rs2_reg[24],132.42498665242925,301
243,INT_R_X5Y138/SL1BEG0->INT_R_X5Y137/IMUX9,INT_R_X5Y138,INT_R,5,138,INT_R_X5Y138/SL1BEG0,INT_R_X5Y137/IMUX9,i_sca_pqc_adapter.i_sca_pqc.rs2_reg[24],132.42498665242925,301
244,DSP_L_X34Y115/DSP_1_B7->SITEWIRE/DSP48_X1Y47/B7,DSP_L_X34Y115,DSP_L,34,115,DSP_L_X34Y115/DSP_1_B7,SITEWIRE/DSP48_X1Y47/B7,i_sca_pqc_adapter.i_sca_pqc.rs2_reg[24],0,0
245,INT_L_X8Y118/SE2END3->INT_L_X8Y117/SE2A3,INT_L_X8Y118,INT_L,8,118,INT_L_X8Y118/SE2END3,INT_L_X8Y117/SE2A3,i_sca_pqc_adapter.i_sca_pqc.rs2_reg[24],132.42498665242925,301
246,INT_L_X34Y80/EE2BEG2->INT_L_X36Y80/WR1BEG3,INT_L_X34Y80,INT_L,34,80,INT_L_X34Y80/EE2BEG2,INT_L_X36Y80/WR1BEG3,i_sca_pqc_adapter.i_sca_pqc.rs2_reg[24],132.42498665242925,301
247,INT_L_X8Y116/LVB_L10->INT_L_X8Y105/SS6A2,INT_L_X8Y116,INT_L,8,116,INT_L_X8Y116/LVB_L10,INT_L_X8Y105/SS6A2,i_sca_pqc_adapter.i_sca_pqc.rs2_reg[24],132.42498665242925,301
248,DSP_R_X9Y115/DSP_0_B8->SITEWIRE/DSP48_X0Y46/B8,DSP_R_X9Y115,DSP_R,9,115,DSP_R_X9Y115/DSP_0_B8,SITEWIRE/DSP48_X0Y46/B8,i_sca_pqc_adapter.i_sca_pqc.rs2_reg[24],0,0
249,CLBLM_R_X7Y83/CLBLM_L_A4->SITEWIRE/SLICE_X9Y83/A5,CLBLM_R_X7Y83,CLBLM_R,7,83,CLBLM_R_X7Y83/CLBLM_L_A4,SITEWIRE/SLICE_X9Y83/A5,i_sca_pqc_adapter.i_sca_pqc.rs2_reg[24],0,0
250,INT_R_X3Y147/NL1BEG1->INT_L_X4Y148/EL1END0,INT_R_X3Y147,INT_R,3,147,INT_R_X3Y147/NL1BEG1,INT_L_X4Y148/EL1END0,i_sca_pqc_adapter.i_sca_pqc.rs2_reg[24],132.42498665242925,301
251,INT_L_X4Y138/ER1BEG0->INT_R_X5Y138/SL1BEG0,INT_L_X4Y138,INT_L,4,138,INT_L_X4Y138/ER1BEG0,INT_R_X5Y138/SL1BEG0,i_sca_pqc_adapter.i_sca_pqc.rs2_reg[24],132.42498665242925,301
252,DSP_R_X9Y95/DSP_0_B8->SITEWIRE/DSP48_X0Y38/B8,DSP_R_X9Y95,DSP_R,9,95,DSP_R_X9Y95/DSP_0_B8,SITEWIRE/DSP48_X0Y38/B8,i_sca_pqc_adapter.i_sca_pqc.rs2_reg[24],0,0
253,INT_R_X9Y85/SR1BEG_S0->INT_R_X9Y85/SR1BEG1,INT_R_X9Y85,INT_R,9,85,INT_R_X9Y85/SR1BEG_S0,INT_R_X9Y85/SR1BEG1,i_sca_pqc_adapter.i_sca_pqc.rs2_reg[24],132.42498665242925,301
254,INT_R_X5Y123/SE6BEG3->INT_L_X8Y118/SE2END3,INT_R_X5Y123,INT_R,5,123,INT_R_X5Y123/SE6BEG3,INT_L_X8Y118/SE2END3,i_sca_pqc_adapter.i_sca_pqc.rs2_reg[24],132.42498665242925,301
255,CLBLM_R_X7Y84/CLBLM_L_BX->SITEWIRE/SLICE_X9Y84/BX,CLBLM_R_X7Y84,CLBLM_R,7,84,CLBLM_R_X7Y84/CLBLM_L_BX,SITEWIRE/SLICE_X9Y84/BX,i_sca_pqc_adapter.i_sca_pqc.rs2_reg[24],0,0
256,INT_L_X8Y83/SW2END1->INT_L_X8Y83/WL1BEG0,INT_L_X8Y83,INT_L,8,83,INT_L_X8Y83/SW2END1,INT_L_X8Y83/WL1BEG0,i_sca_pqc_adapter.i_sca_pqc.rs2_reg[24],132.42498665242925,301
257,INT_L_X4Y137/NR1BEG3->INT_L_X4Y139/NN2A3,INT_L_X4Y137,INT_L,4,137,INT_L_X4Y137/NR1BEG3,INT_L_X4Y139/NN2A3,i_sca_pqc_adapter.i_sca_pqc.rs2_reg[24],132.42498665242925,301
258,INT_L_X8Y100/SS2BEG2->INT_L_X8Y98/SL1BEG2,INT_L_X8Y100,INT_L,8,100,INT_L_X8Y100/SS2BEG2,INT_L_X8Y98/SL1BEG2,i_sca_pqc_adapter.i_sca_pqc.rs2_reg[24],132.42498665242925,301
259,INT_L_X34Y96/LVB_L10->INT_L_X34Y85/SS6A2,INT_L_X34Y96,INT_L,34,96,INT_L_X34Y96/LVB_L10,INT_L_X34Y85/SS6A2,i_sca_pqc_adapter.i_sca_pqc.rs2_reg[24],132.42498665242925,301
260,INT_L_X8Y117/SE2A3->INT_R_X9Y117/IMUX22,INT_L_X8Y117,INT_L,8,117,INT_L_X8Y117/SE2A3,INT_R_X9Y117/IMUX22,i_sca_pqc_adapter.i_sca_pqc.rs2_reg[24],132.42498665242925,301
261,INT_R_X9Y98/SS2A2->INT_R_X9Y97/IMUX22,INT_R_X9Y98,INT_R,9,98,INT_R_X9Y98/SS2A2,INT_R_X9Y97/IMUX22,i_sca_pqc_adapter.i_sca_pqc.rs2_reg[24],132.42498665242925,301
262,INT_L_X8Y96/SE6A2->INT_R_X9Y91/SS6A2,INT_L_X8Y96,INT_L,8,96,INT_L_X8Y96/SE6A2,INT_R_X9Y91/SS6A2,i_sca_pqc_adapter.i_sca_pqc.rs2_reg[24],132.42498665242925,301
263,CLBLM_R_X5Y123/CLBLM_M_BMUX->INT_R_X5Y123/LOGIC_OUTS21,CLBLM_R_X5Y123,CLBLM_R,5,123,CLBLM_R_X5Y123/CLBLM_M_BMUX,INT_R_X5Y123/LOGIC_OUTS21,i_sca_pqc_adapter.i_sca_pqc.rs2_reg[24],0,0
264,INT_R_X25Y115/EE4BEG3->INT_R_X31Y115/EE4BEG3,INT_R_X25Y115,INT_R,25,115,INT_R_X25Y115/EE4BEG3,INT_R_X31Y115/EE4BEG3,i_sca_pqc_adapter.i_sca_pqc.rs2_reg[24],132.42498665242925,301
265,INT_R_X9Y97/IMUX22->DSP_R_X9Y95/DSP_0_B8,INT_R_X9Y97,INT_R,9,97,INT_R_X9Y97/IMUX22,DSP_R_X9Y95/DSP_0_B8,i_sca_pqc_adapter.i_sca_pqc.rs2_reg[24],132.42498665242925,301
266,INT_L_X8Y105/SS6A2->INT_L_X8Y100/SS2BEG2,INT_L_X8Y105,INT_L,8,105,INT_L_X8Y105/SS6A2,INT_L_X8Y100/SS2BEG2,i_sca_pqc_adapter.i_sca_pqc.rs2_reg[24],132.42498665242925,301
267,INT_R_X7Y83/IMUX10->CLBLM_R_X7Y83/CLBLM_L_A4,INT_R_X7Y83,INT_R,7,83,INT_R_X7Y83/IMUX10,CLBLM_R_X7Y83/CLBLM_L_A4,i_sca_pqc_adapter.i_sca_pqc.rs2_reg[24],132.42498665242925,301
268,INT_R_X9Y85/SR1BEG1->INT_L_X8Y83/SW2END1,INT_R_X9Y85,INT_R,9,85,INT_R_X9Y85/SR1BEG1,INT_L_X8Y83/SW2END1,i_sca_pqc_adapter.i_sca_pqc.rs2_reg[24],132.42498665242925,301
269,INT_L_X8Y83/WL1BEG0->INT_R_X7Y83/IMUX10,INT_L_X8Y83,INT_L,8,83,INT_L_X8Y83/WL1BEG0,INT_R_X7Y83/IMUX10,i_sca_pqc_adapter.i_sca_pqc.rs2_reg[24],132.42498665242925,301
270,INT_R_X31Y115/EE4BEG3->INT_L_X34Y116/WR1END0,INT_R_X31Y115,INT_R,31,115,INT_R_X31Y115/EE4BEG3,INT_L_X34Y116/WR1END0,i_sca_pqc_adapter.i_sca_pqc.rs2_reg[24],132.42498665242925,301
271,INT_L_X4Y140/IMUX_L6->CLBLL_L_X4Y140/CLBLL_L_A1,INT_L_X4Y140,INT_L,4,140,INT_L_X4Y140/IMUX_L6,CLBLL_L_X4Y140/CLBLL_L_A1,i_sca_pqc_adapter.i_sca_pqc.rs2_reg[24],132.42498665242925,301
272,INT_L_X34Y98/LV_L0->INT_L_X34Y96/LVB_L10,INT_L_X34Y98,INT_L,34,98,INT_L_X34Y98/LV_L0,INT_L_X34Y96/LVB_L10,i_sca_pqc_adapter.i_sca_pqc.rs2_reg[24],132.42498665242925,301
273,INT_R_X5Y137/IMUX9->CLBLM_R_X5Y137/CLBLM_L_A5,INT_R_X5Y137,INT_R,5,137,INT_R_X5Y137/IMUX9,CLBLM_R_X5Y137/CLBLM_L_A5,i_sca_pqc_adapter.i_sca_pqc.rs2_reg[24],132.42498665242925,301
274,INT_L_X8Y119/SE6A3->INT_L_X10Y115/EE4A3,INT_L_X8Y119,INT_L,8,119,INT_L_X8Y119/SE6A3,INT_L_X10Y115/EE4A3,i_sca_pqc_adapter.i_sca_pqc.rs2_reg[24],132.42498665242925,301
275,INT_L_X14Y115/LH11->INT_R_X25Y115/EE4BEG3,INT_L_X14Y115,INT_L,14,115,INT_L_X14Y115/LH11,INT_R_X25Y115/EE4BEG3,i_sca_pqc_adapter.i_sca_pqc.rs2_reg[24],132.42498665242925,301
276,INT_R_X5Y123/SE6BEG3->INT_L_X8Y119/SE6A3,INT_R_X5Y123,INT_R,5,123,INT_R_X5Y123/SE6BEG3,INT_L_X8Y119/SE6A3,i_sca_pqc_adapter.i_sca_pqc.rs2_reg[24],132.42498665242925,301
277,DSP_L_X34Y80/DSP_1_B7->SITEWIRE/DSP48_X1Y33/B7,DSP_L_X34Y80,DSP_L,34,80,DSP_L_X34Y80/DSP_1_B7,SITEWIRE/DSP48_X1Y33/B7,i_sca_pqc_adapter.i_sca_pqc.rs2_reg[24],0,0
278,INT_L_X34Y116/WR1END0->INT_L_X34Y116/IMUX_L8,INT_L_X34Y116,INT_L,34,116,INT_L_X34Y116/WR1END0,INT_L_X34Y116/IMUX_L8,i_sca_pqc_adapter.i_sca_pqc.rs2_reg[24],132.42498665242925,301
279,INT_L_X34Y81/IMUX_L8->DSP_L_X34Y80/DSP_1_B7,INT_L_X34Y81,INT_L,34,81,INT_L_X34Y81/IMUX_L8,DSP_L_X34Y80/DSP_1_B7,i_sca_pqc_adapter.i_sca_pqc.rs2_reg[24],132.42498665242925,301
280,INT_L_X34Y116/IMUX_L8->DSP_L_X34Y115/DSP_1_B7,INT_L_X34Y116,INT_L,34,116,INT_L_X34Y116/IMUX_L8,DSP_L_X34Y115/DSP_1_B7,i_sca_pqc_adapter.i_sca_pqc.rs2_reg[24],132.42498665242925,301
281,INT_L_X34Y81/WR1END0->INT_L_X34Y81/IMUX_L8,INT_L_X34Y81,INT_L,34,81,INT_L_X34Y81/WR1END0,INT_L_X34Y81/IMUX_L8,i_sca_pqc_adapter.i_sca_pqc.rs2_reg[24],132.42498665242925,301
282,INT_L_X4Y137/ER1END3->INT_L_X4Y137/NR1BEG3,INT_L_X4Y137,INT_L,4,137,INT_L_X4Y137/ER1END3,INT_L_X4Y137/NR1BEG3,i_sca_pqc_adapter.i_sca_pqc.rs2_reg[24],132.42498665242925,301
283,INT_L_X36Y80/WR1BEG3->INT_L_X34Y81/WR1END0,INT_L_X36Y80,INT_L,36,80,INT_L_X36Y80/WR1BEG3,INT_L_X34Y81/WR1END0,i_sca_pqc_adapter.i_sca_pqc.rs2_reg[24],132.42498665242925,301
284,CLBLL_L_X4Y148/CLBLL_LL_A5->SITEWIRE/SLICE_X4Y148/A1,CLBLL_L_X4Y148,CLBLL_L,4,148,CLBLL_L_X4Y148/CLBLL_LL_A5,SITEWIRE/SLICE_X4Y148/A1,i_sca_pqc_adapter.i_sca_pqc.rs2_reg[24],0,0
285,INT_L_X4Y148/IMUX_L8->CLBLL_L_X4Y148/CLBLL_LL_A5,INT_L_X4Y148,INT_L,4,148,INT_L_X4Y148/IMUX_L8,CLBLL_L_X4Y148/CLBLL_LL_A5,i_sca_pqc_adapter.i_sca_pqc.rs2_reg[24],132.42498665242925,301
286,INT_L_X8Y96/SW2A2->INT_L_X8Y96/SE6A2,INT_L_X8Y96,INT_L,8,96,INT_L_X8Y96/SW2A2,INT_L_X8Y96/SE6A2,i_sca_pqc_adapter.i_sca_pqc.rs2_reg[24],132.42498665242925,301
287,INT_L_X4Y148/EL1END0->INT_L_X4Y148/IMUX_L8,INT_L_X4Y148,INT_L,4,148,INT_L_X4Y148/EL1END0,INT_L_X4Y148/IMUX_L8,i_sca_pqc_adapter.i_sca_pqc.rs2_reg[24],132.42498665242925,301
288,INT_L_X34Y116/WR1END0->INT_L_X34Y98/LV_L0,INT_L_X34Y116,INT_L,34,116,INT_L_X34Y116/WR1END0,INT_L_X34Y98/LV_L0,i_sca_pqc_adapter.i_sca_pqc.rs2_reg[24],132.42498665242925,301
289,INT_R_X3Y146/NN2A2->INT_R_X3Y147/NL1BEG1,INT_R_X3Y146,INT_R,3,146,INT_R_X3Y146/NN2A2,INT_R_X3Y147/NL1BEG1,i_sca_pqc_adapter.i_sca_pqc.rs2_reg[24],132.42498665242925,301
290,INT_L_X4Y141/NW6A2->INT_R_X3Y146/NN2A2,INT_L_X4Y141,INT_L,4,141,INT_L_X4Y141/NW6A2,INT_R_X3Y146/NN2A2,i_sca_pqc_adapter.i_sca_pqc.rs2_reg[24],132.42498665242925,301
291,INT_R_X7Y125/IMUX3->CLBLM_R_X7Y125/CLBLM_L_A2,INT_R_X7Y125,INT_R,7,125,INT_R_X7Y125/IMUX3,CLBLM_R_X7Y125/CLBLM_L_A2,i_sca_pqc_adapter.i_sca_pqc.rs2_reg[12],132.42498665242925,301
292,CLBLM_R_X7Y125/CLBLM_L_A2->SITEWIRE/SLICE_X9Y125/A2,CLBLM_R_X7Y125,CLBLM_R,7,125,CLBLM_R_X7Y125/CLBLM_L_A2,SITEWIRE/SLICE_X9Y125/A2,i_sca_pqc_adapter.i_sca_pqc.rs2_reg[12],0,0
293,INT_L_X4Y127/EE4BEG2->INT_L_X8Y126/SS2A2,INT_L_X4Y127,INT_L,4,127,INT_L_X4Y127/EE4BEG2,INT_L_X8Y126/SS2A2,i_sca_pqc_adapter.i_sca_pqc.rs2_reg[12],132.42498665242925,301
294,INT_L_X8Y125/WL1BEG1->INT_R_X7Y125/IMUX11,INT_L_X8Y125,INT_L,8,125,INT_L_X8Y125/WL1BEG1,INT_R_X7Y125/IMUX11,i_sca_pqc_adapter.i_sca_pqc.rs2_reg[12],132.42498665242925,301
295,CLBLM_R_X7Y125/CLBLM_M_A4->SITEWIRE/SLICE_X8Y125/A4,CLBLM_R_X7Y125,CLBLM_R,7,125,CLBLM_R_X7Y125/CLBLM_M_A4,SITEWIRE/SLICE_X8Y125/A4,i_sca_pqc_adapter.i_sca_pqc.rs2_reg[12],0,0
296,INT_R_X5Y127/WW2END2->INT_R_X5Y127/IMUX46,INT_R_X5Y127,INT_R,5,127,INT_R_X5Y127/WW2END2,INT_R_X5Y127/IMUX46,i_sca_pqc_adapter.i_sca_pqc.rs2_reg[12],132.42498665242925,301
297,INT_R_X5Y127/IMUX46->CLBLM_R_X5Y127/CLBLM_L_D5,INT_R_X5Y127,INT_R,5,127,INT_R_X5Y127/IMUX46,CLBLM_R_X5Y127/CLBLM_L_D5,i_sca_pqc_adapter.i_sca_pqc.rs2_reg[12],132.42498665242925,301
298,CLBLM_R_X5Y127/CLBLM_L_D5->SITEWIRE/SLICE_X7Y127/D3,CLBLM_R_X5Y127,CLBLM_R,5,127,CLBLM_R_X5Y127/CLBLM_L_D5,SITEWIRE/SLICE_X7Y127/D3,i_sca_pqc_adapter.i_sca_pqc.rs2_reg[12],0,0
299,INT_L_X4Y115/LVB_L0->INT_L_X4Y127/EE4BEG2,INT_L_X4Y115,INT_L,4,115,INT_L_X4Y115/LVB_L0,INT_L_X4Y127/EE4BEG2,i_sca_pqc_adapter.i_sca_pqc.rs2_reg[12],132.42498665242925,301
300,INT_L_X4Y127/EE4BEG2->INT_L_X8Y127/WR1BEG3,INT_L_X4Y127,INT_L,4,127,INT_L_X4Y127/EE4BEG2,INT_L_X8Y127/WR1BEG3,i_sca_pqc_adapter.i_sca_pqc.rs2_reg[12],132.42498665242925,301
301,CLBLM_R_X5Y127/CLBLM_L_C5->SITEWIRE/SLICE_X7Y127/C4,CLBLM_R_X5Y127,CLBLM_R,5,127,CLBLM_R_X5Y127/CLBLM_L_C5,SITEWIRE/SLICE_X7Y127/C4,i_sca_pqc_adapter.i_sca_pqc.rs2_reg[12],0,0
302,INT_L_X4Y139/SW6BEG2->INT_L_X2Y135/NL1BEG2,INT_L_X4Y139,INT_L,4,139,INT_L_X4Y139/SW6BEG2,INT_L_X2Y135/NL1BEG2,i_sca_pqc_adapter.i_sca_pqc.rs2_reg[12],132.42498665242925,301
303,INT_L_X2Y136/IMUX_L11->CLBLL_L_X2Y136/CLBLL_LL_A4,INT_L_X2Y136,INT_L,2,136,INT_L_X2Y136/IMUX_L11,CLBLL_L_X2Y136/CLBLL_LL_A4,i_sca_pqc_adapter.i_sca_pqc.rs2_reg[12],132.42498665242925,301
304,INT_L_X8Y104/NN6A3->INT_L_X4Y109/WW4END3,INT_L_X8Y104,INT_L,8,104,INT_L_X8Y104/NN6A3,INT_L_X4Y109/WW4END3,i_sca_pqc_adapter.i_sca_pqc.rs2_reg[12],132.42498665242925,301
305,INT_L_X4Y109/WW4END3->INT_L_X4Y110/NN6A3,INT_L_X4Y109,INT_L,4,109,INT_L_X4Y109/WW4END3,INT_L_X4Y110/NN6A3,i_sca_pqc_adapter.i_sca_pqc.rs2_reg[12],132.42498665242925,301
306,INT_L_X4Y110/NN6A3->INT_L_X4Y115/LVB_L0,INT_L_X4Y110,INT_L,4,110,INT_L_X4Y110/NN6A3,INT_L_X4Y115/LVB_L0,i_sca_pqc_adapter.i_sca_pqc.rs2_reg[12],132.42498665242925,301
307,INT_L_X4Y115/LVB_L0->INT_L_X4Y137/LVB_L10,INT_L_X4Y115,INT_L,4,115,INT_L_X4Y115/LVB_L0,INT_L_X4Y137/LVB_L10,i_sca_pqc_adapter.i_sca_pqc.rs2_reg[12],132.42498665242925,301
308,INT_L_X4Y137/LVB_L10->INT_L_X4Y139/SW6BEG2,INT_L_X4Y137,INT_L,4,137,INT_L_X4Y137/LVB_L10,INT_L_X4Y139/SW6BEG2,i_sca_pqc_adapter.i_sca_pqc.rs2_reg[12],132.42498665242925,301
309,INT_L_X4Y139/SW6BEG2->INT_L_X2Y145/LVB_L10,INT_L_X4Y139,INT_L,4,139,INT_L_X4Y139/SW6BEG2,INT_L_X2Y145/LVB_L10,i_sca_pqc_adapter.i_sca_pqc.rs2_reg[12],132.42498665242925,301
310,INT_L_X2Y145/LVB_L10->INT_L_X2Y147/EE4BEG2,INT_L_X2Y145,INT_L,2,145,INT_L_X2Y145/LVB_L10,INT_L_X2Y147/EE4BEG2,i_sca_pqc_adapter.i_sca_pqc.rs2_reg[12],132.42498665242925,301
311,INT_L_X6Y146/SS2A2->INT_L_X4Y145/WW2END2,INT_L_X6Y146,INT_L,6,146,INT_L_X6Y146/SS2A2,INT_L_X4Y145/WW2END2,i_sca_pqc_adapter.i_sca_pqc.rs2_reg[12],132.42498665242925,301
312,INT_L_X4Y145/WW2END2->INT_L_X4Y145/BYP_ALT3,INT_L_X4Y145,INT_L,4,145,INT_L_X4Y145/WW2END2,INT_L_X4Y145/BYP_ALT3,i_sca_pqc_adapter.i_sca_pqc.rs2_reg[12],132.42498665242925,301
313,INT_L_X4Y145/BYP_ALT3->INT_L_X4Y145/BYP_BOUNCE3,INT_L_X4Y145,INT_L,4,145,INT_L_X4Y145/BYP_ALT3,INT_L_X4Y145/BYP_BOUNCE3,i_sca_pqc_adapter.i_sca_pqc.rs2_reg[12],132.42498665242925,301
314,INT_L_X4Y145/BYP_BOUNCE3->INT_L_X4Y145/IMUX_L7,INT_L_X4Y145,INT_L,4,145,INT_L_X4Y145/BYP_BOUNCE3,INT_L_X4Y145/IMUX_L7,i_sca_pqc_adapter.i_sca_pqc.rs2_reg[12],132.42498665242925,301
315,INT_L_X10Y93/NW6BEG3->INT_L_X8Y98/NN6A3,INT_L_X10Y93,INT_L,10,93,INT_L_X10Y93/NW6BEG3,INT_L_X8Y98/NN6A3,i_sca_pqc_adapter.i_sca_pqc.rs2_reg[12],132.42498665242925,301
316,INT_L_X2Y147/EE4BEG2->INT_L_X6Y146/SS2A2,INT_L_X2Y147,INT_L,2,147,INT_L_X2Y147/EE4BEG2,INT_L_X6Y146/SS2A2,i_sca_pqc_adapter.i_sca_pqc.rs2_reg[12],132.42498665242925,301
317,INT_L_X8Y116/NE2A2->INT_R_X9Y116/NL1BEG1,INT_L_X8Y116,INT_L,8,116,INT_L_X8Y116/NE2A2,INT_R_X9Y116/NL1BEG1,i_sca_pqc_adapter.i_sca_pqc.rs2_reg[12],132.42498665242925,301
318,DSP_R_X9Y70/DSP_0_B12->SITEWIRE/DSP48_X0Y28/B12,DSP_R_X9Y70,DSP_R,9,70,DSP_R_X9Y70/DSP_0_B12,SITEWIRE/DSP48_X0Y28/B12,i_sca_pqc_adapter.i_sca_pqc.rs2_reg[12],0,0
319,INT_L_X8Y98/NN6A3->INT_L_X8Y104/NN6A3,INT_L_X8Y98,INT_L,8,98,INT_L_X8Y98/NN6A3,INT_L_X8Y104/NN6A3,i_sca_pqc_adapter.i_sca_pqc.rs2_reg[12],132.42498665242925,301
320,DSP_R_X9Y105/DSP_0_B12->SITEWIRE/DSP48_X0Y42/B12,DSP_R_X9Y105,DSP_R,9,105,DSP_R_X9Y105/DSP_0_B12,SITEWIRE/DSP48_X0Y42/B12,i_sca_pqc_adapter.i_sca_pqc.rs2_reg[12],0,0
321,INT_L_X8Y127/WR1BEG3->INT_R_X5Y127/WW2END2,INT_L_X8Y127,INT_L,8,127,INT_L_X8Y127/WR1BEG3,INT_R_X5Y127/WW2END2,i_sca_pqc_adapter.i_sca_pqc.rs2_reg[12],132.42498665242925,301
322,INT_L_X10Y93/WW4END3->INT_L_X10Y92/SW2A2,INT_L_X10Y93,INT_L,10,93,INT_L_X10Y93/WW4END3,INT_L_X10Y92/SW2A2,i_sca_pqc_adapter.i_sca_pqc.rs2_reg[12],132.42498665242925,301
323,INT_L_X34Y117/BYP_BOUNCE7->INT_L_X34Y118/IMUX_L43,INT_L_X34Y117,INT_L,34,117,INT_L_X34Y117/BYP_BOUNCE7,INT_L_X34Y118/IMUX_L43,i_sca_pqc_adapter.i_sca_pqc.rs2_reg[12],132.42498665242925,301
324,INT_L_X8Y90/SW2END3->INT_L_X8Y91/IMUX_L8,INT_L_X8Y90,INT_L,8,90,INT_L_X8Y90/SW2END3,INT_L_X8Y91/IMUX_L8,i_sca_pqc_adapter.i_sca_pqc.rs2_reg[12],132.42498665242925,301
325,INT_R_X9Y92/SR1BEG3->INT_L_X8Y90/SW2END3,INT_R_X9Y92,INT_R,9,92,INT_R_X9Y92/SR1BEG3,INT_L_X8Y90/SW2END3,i_sca_pqc_adapter.i_sca_pqc.rs2_reg[12],132.42498665242925,301
326,INT_L_X34Y117/BYP_ALT7->INT_L_X34Y117/BYP_BOUNCE7,INT_L_X34Y117,INT_L,34,117,INT_L_X34Y117/BYP_ALT7,INT_L_X34Y117/BYP_BOUNCE7,i_sca_pqc_adapter.i_sca_pqc.rs2_reg[12],132.42498665242925,301
327,INT_R_X9Y116/NL1BEG1->INT_R_X9Y117/NR1BEG1,INT_R_X9Y116,INT_R,9,116,INT_R_X9Y116/NL1BEG1,INT_R_X9Y117/NR1BEG1,i_sca_pqc_adapter.i_sca_pqc.rs2_reg[12],132.42498665242925,301
328,INT_L_X34Y118/SL1BEG3->INT_L_X34Y117/BYP_ALT7,INT_L_X34Y118,INT_L,34,118,INT_L_X34Y118/SL1BEG3,INT_L_X34Y117/BYP_ALT7,i_sca_pqc_adapter.i_sca_pqc.rs2_reg[12],132.42498665242925,301
329,CLBLL_L_X2Y136/CLBLL_LL_A4->SITEWIRE/SLICE_X0Y136/A1,CLBLL_L_X2Y136,CLBLL_L,2,136,CLBLL_L_X2Y136/CLBLL_LL_A4,SITEWIRE/SLICE_X0Y136/A1,i_sca_pqc_adapter.i_sca_pqc.rs2_reg[12],0,0
330,INT_R_X9Y118/NL1BEG0->INT_R_X9Y118/IMUX47,INT_R_X9Y118,INT_R,9,118,INT_R_X9Y118/NL1BEG0,INT_R_X9Y118/IMUX47,i_sca_pqc_adapter.i_sca_pqc.rs2_reg[12],132.42498665242925,301
331,INT_R_X9Y118/IMUX47->DSP_R_X9Y115/DSP_0_A12,INT_R_X9Y118,INT_R,9,118,INT_R_X9Y118/IMUX47,DSP_R_X9Y115/DSP_0_A12,i_sca_pqc_adapter.i_sca_pqc.rs2_reg[12],132.42498665242925,301
332,INT_L_X10Y92/SW2A2->INT_R_X9Y92/SR1BEG3,INT_L_X10Y92,INT_L,10,92,INT_L_X10Y92/SW2A2,INT_R_X9Y92/SR1BEG3,i_sca_pqc_adapter.i_sca_pqc.rs2_reg[12],132.42498665242925,301
333,INT_L_X34Y82/BYP_BOUNCE7->INT_L_X34Y83/IMUX_L43,INT_L_X34Y82,INT_L,34,82,INT_L_X34Y82/BYP_BOUNCE7,INT_L_X34Y83/IMUX_L43,i_sca_pqc_adapter.i_sca_pqc.rs2_reg[12],132.42498665242925,301
334,INT_R_X9Y73/IMUX43->DSP_R_X9Y70/DSP_0_B12,INT_R_X9Y73,INT_R,9,73,INT_R_X9Y73/IMUX43,DSP_R_X9Y70/DSP_0_B12,i_sca_pqc_adapter.i_sca_pqc.rs2_reg[12],132.42498665242925,301
335,INT_L_X8Y104/NN6A3->INT_L_X8Y109/SR1BEG3,INT_L_X8Y104,INT_L,8,104,INT_L_X8Y104/NN6A3,INT_L_X8Y109/SR1BEG3,i_sca_pqc_adapter.i_sca_pqc.rs2_reg[12],132.42498665242925,301
336,INT_L_X8Y126/SS2A2->INT_L_X8Y125/WL1BEG1,INT_L_X8Y126,INT_L,8,126,INT_L_X8Y126/SS2A2,INT_L_X8Y125/WL1BEG1,i_sca_pqc_adapter.i_sca_pqc.rs2_reg[12],132.42498665242925,301
337,INT_L_X8Y109/SR1BEG3->INT_L_X8Y108/SR1BEG_S0,INT_L_X8Y109,INT_L,8,109,INT_L_X8Y109/SR1BEG3,INT_L_X8Y108/SR1BEG_S0,i_sca_pqc_adapter.i_sca_pqc.rs2_reg[12],132.42498665242925,301
338,INT_L_X8Y91/IMUX_L8->CLBLM_L_X8Y91/CLBLM_M_A5,INT_L_X8Y91,INT_L,8,91,INT_L_X8Y91/IMUX_L8,CLBLM_L_X8Y91/CLBLM_M_A5,i_sca_pqc_adapter.i_sca_pqc.rs2_reg[12],132.42498665242925,301
339,INT_L_X34Y83/SL1BEG3->INT_L_X34Y82/BYP_ALT7,INT_L_X34Y83,INT_L,34,83,INT_L_X34Y83/SL1BEG3,INT_L_X34Y82/BYP_ALT7,i_sca_pqc_adapter.i_sca_pqc.rs2_reg[12],132.42498665242925,301
340,CLBLM_L_X8Y91/CLBLM_M_A5->SITEWIRE/SLICE_X10Y91/A5,CLBLM_L_X8Y91,CLBLM_L,8,91,CLBLM_L_X8Y91/CLBLM_M_A5,SITEWIRE/SLICE_X10Y91/A5,i_sca_pqc_adapter.i_sca_pqc.rs2_reg[12],0,0
341,INT_L_X16Y118/LH12->INT_L_X30Y118/EE4BEG3,INT_L_X16Y118,INT_L,16,118,INT_L_X16Y118/LH12,INT_L_X30Y118/EE4BEG3,i_sca_pqc_adapter.i_sca_pqc.rs2_reg[12],132.42498665242925,301
342,INT_R_X9Y108/IMUX43->DSP_R_X9Y105/DSP_0_B12,INT_R_X9Y108,INT_R,9,108,INT_R_X9Y108/IMUX43,DSP_R_X9Y105/DSP_0_B12,i_sca_pqc_adapter.i_sca_pqc.rs2_reg[12],132.42498665242925,301
343,INT_R_X7Y125/IMUX11->CLBLM_R_X7Y125/CLBLM_M_A4,INT_R_X7Y125,INT_R,7,125,INT_R_X7Y125/IMUX11,CLBLM_R_X7Y125/CLBLM_M_A4,i_sca_pqc_adapter.i_sca_pqc.rs2_reg[12],132.42498665242925,301
344,INT_L_X10Y93/NW6BEG3->INT_L_X8Y97/LVB_L0,INT_L_X10Y93,INT_L,10,93,INT_L_X10Y93/NW6BEG3,INT_L_X8Y97/LVB_L0,i_sca_pqc_adapter.i_sca_pqc.rs2_reg[12],132.42498665242925,301
345,INT_L_X8Y110/NN6A2->INT_L_X8Y116/NE2A2,INT_L_X8Y110,INT_L,8,110,INT_L_X8Y110/NN6A2,INT_L_X8Y116/NE2A2,i_sca_pqc_adapter.i_sca_pqc.rs2_reg[12],132.42498665242925,301
346,INT_L_X10Y93/WW4END3->INT_L_X10Y93/NW6BEG3,INT_L_X10Y93,INT_L,10,93,INT_L_X10Y93/WW4END3,INT_L_X10Y93/NW6BEG3,i_sca_pqc_adapter.i_sca_pqc.rs2_reg[12],132.42498665242925,301
347,INT_L_X4Y145/IMUX_L7->CLBLL_L_X4Y145/CLBLL_LL_A1,INT_L_X4Y145,INT_L,4,145,INT_L_X4Y145/IMUX_L7,CLBLL_L_X4Y145/CLBLL_LL_A1,i_sca_pqc_adapter.i_sca_pqc.rs2_reg[12],132.42498665242925,301
348,DSP_R_X9Y115/DSP_0_A12->SITEWIRE/DSP48_X0Y46/A12,DSP_R_X9Y115,DSP_R,9,115,DSP_R_X9Y115/DSP_0_A12,SITEWIRE/DSP48_X0Y46/A12,i_sca_pqc_adapter.i_sca_pqc.rs2_reg[12],0,0
349,INT_L_X8Y97/LVB_L0->INT_L_X8Y110/NN6A2,INT_L_X8Y97,INT_L,8,97,INT_L_X8Y97/LVB_L0,INT_L_X8Y110/NN6A2,i_sca_pqc_adapter.i_sca_pqc.rs2_reg[12],132.42498665242925,301
350,INT_L_X32Y87/SE6BEG3->INT_L_X34Y83/SL1BEG3,INT_L_X32Y87,INT_L,32,87,INT_L_X32Y87/SE6BEG3,INT_L_X34Y83/SL1BEG3,i_sca_pqc_adapter.i_sca_pqc.rs2_reg[12],132.42498665242925,301
351,INT_R_X5Y127/IMUX30->CLBLM_R_X5Y127/CLBLM_L_C5,INT_R_X5Y127,INT_R,5,127,INT_R_X5Y127/IMUX30,CLBLM_R_X5Y127/CLBLM_L_C5,i_sca_pqc_adapter.i_sca_pqc.rs2_reg[12],132.42498665242925,301
352,INT_L_X2Y135/NL1BEG2->INT_L_X2Y136/IMUX_L11,INT_L_X2Y135,INT_L,2,135,INT_L_X2Y135/NL1BEG2,INT_L_X2Y136/IMUX_L11,i_sca_pqc_adapter.i_sca_pqc.rs2_reg[12],132.42498665242925,301
353,INT_L_X34Y118/IMUX_L43->DSP_L_X34Y115/DSP_0_B12,INT_L_X34Y118,INT_L,34,118,INT_L_X34Y118/IMUX_L43,DSP_L_X34Y115/DSP_0_B12,i_sca_pqc_adapter.i_sca_pqc.rs2_reg[12],132.42498665242925,301
354,CLBLM_L_X20Y93/CLBLM_M_DQ->INT_L_X20Y93/LOGIC_OUTS_L7,CLBLM_L_X20Y93,CLBLM_L,20,93,CLBLM_L_X20Y93/CLBLM_M_DQ,INT_L_X20Y93/LOGIC_OUTS_L7,i_sca_pqc_adapter.i_sca_pqc.rs2_reg[12],0,0
355,INT_L_X8Y108/ER1BEG1->INT_R_X9Y108/IMUX43,INT_L_X8Y108,INT_L,8,108,INT_L_X8Y108/ER1BEG1,INT_R_X9Y108/IMUX43,i_sca_pqc_adapter.i_sca_pqc.rs2_reg[12],132.42498665242925,301
356,INT_L_X30Y118/EE4BEG3->INT_L_X34Y118/SL1BEG3,INT_L_X30Y118,INT_L,30,118,INT_L_X30Y118/EE4BEG3,INT_L_X34Y118/SL1BEG3,i_sca_pqc_adapter.i_sca_pqc.rs2_reg[12],132.42498665242925,301
357,INT_L_X8Y88/SE2A2->INT_R_X9Y87/SS6A2,INT_L_X8Y88,INT_L,8,88,INT_L_X8Y88/SE2A2,INT_R_X9Y87/SS6A2,i_sca_pqc_adapter.i_sca_pqc.rs2_reg[12],132.42498665242925,301
358,INT_L_X16Y118/ER1END3->INT_L_X16Y118/LH12,INT_L_X16Y118,INT_L,16,118,INT_L_X16Y118/ER1END3,INT_L_X16Y118/LH12,i_sca_pqc_adapter.i_sca_pqc.rs2_reg[12],132.42498665242925,301
359,DSP_L_X34Y115/DSP_0_B12->SITEWIRE/DSP48_X1Y46/B12,DSP_L_X34Y115,DSP_L,34,115,DSP_L_X34Y115/DSP_0_B12,SITEWIRE/DSP48_X1Y46/B12,i_sca_pqc_adapter.i_sca_pqc.rs2_reg[12],0,0
360,INT_L_X14Y118/SE2A2->INT_L_X16Y118/ER1END3,INT_L_X14Y118,INT_L,14,118,INT_L_X14Y118/SE2A2,INT_L_X16Y118/ER1END3,i_sca_pqc_adapter.i_sca_pqc.rs2_reg[12],132.42498665242925,301
361,CLBLL_L_X4Y145/CLBLL_LL_A1->SITEWIRE/SLICE_X4Y145/A1,CLBLL_L_X4Y145,CLBLL_L,4,145,CLBLL_L_X4Y145/CLBLL_LL_A1,SITEWIRE/SLICE_X4Y145/A1,i_sca_pqc_adapter.i_sca_pqc.rs2_reg[12],0,0
362,INT_L_X10Y119/EE4BEG2->INT_L_X14Y118/SE2A2,INT_L_X10Y119,INT_L,10,119,INT_L_X10Y119/EE4BEG2,INT_L_X14Y118/SE2A2,i_sca_pqc_adapter.i_sca_pqc.rs2_reg[12],132.42498665242925,301
363,INT_R_X9Y117/NR1BEG1->INT_R_X9Y118/NL1BEG0,INT_R_X9Y117,INT_R,9,117,INT_R_X9Y117/NR1BEG1,INT_R_X9Y118/NL1BEG0,i_sca_pqc_adapter.i_sca_pqc.rs2_reg[12],132.42498665242925,301
364,INT_L_X8Y115/NE6BEG2->INT_L_X10Y119/EE4BEG2,INT_L_X8Y115,INT_L,8,115,INT_L_X8Y115/NE6BEG2,INT_L_X10Y119/EE4BEG2,i_sca_pqc_adapter.i_sca_pqc.rs2_reg[12],132.42498665242925,301
365,INT_L_X8Y108/SR1BEG_S0->INT_L_X8Y108/ER1BEG1,INT_L_X8Y108,INT_L,8,108,INT_L_X8Y108/SR1BEG_S0,INT_L_X8Y108/ER1BEG1,i_sca_pqc_adapter.i_sca_pqc.rs2_reg[12],132.42498665242925,301
366,INT_R_X9Y74/SR1BEG1->INT_R_X9Y73/IMUX43,INT_R_X9Y74,INT_R,9,74,INT_R_X9Y74/SR1BEG1,INT_R_X9Y73/IMUX43,i_sca_pqc_adapter.i_sca_pqc.rs2_reg[12],132.42498665242925,301
367,INT_R_X9Y75/SR1END_N3_3->INT_R_X9Y74/SR1BEG_S0,INT_R_X9Y75,INT_R,9,75,INT_R_X9Y75/SR1END_N3_3,INT_R_X9Y74/SR1BEG_S0,i_sca_pqc_adapter.i_sca_pqc.rs2_reg[12],132.42498665242925,301
368,INT_L_X8Y110/NN6A2->INT_L_X8Y115/NE6BEG2,INT_L_X8Y110,INT_L,8,110,INT_L_X8Y110/NN6A2,INT_L_X8Y115/NE6BEG2,i_sca_pqc_adapter.i_sca_pqc.rs2_reg[12],132.42498665242925,301
369,DSP_L_X34Y80/DSP_0_B12->SITEWIRE/DSP48_X1Y32/B12,DSP_L_X34Y80,DSP_L,34,80,DSP_L_X34Y80/DSP_0_B12,SITEWIRE/DSP48_X1Y32/B12,i_sca_pqc_adapter.i_sca_pqc.rs2_reg[12],0,0
370,INT_L_X34Y83/IMUX_L43->DSP_L_X34Y80/DSP_0_B12,INT_L_X34Y83,INT_L,34,83,INT_L_X34Y83/IMUX_L43,DSP_L_X34Y80/DSP_0_B12,i_sca_pqc_adapter.i_sca_pqc.rs2_reg[12],132.42498665242925,301
371,INT_L_X20Y92/SS6A3->INT_L_X20Y87/LH12,INT_L_X20Y92,INT_L,20,92,INT_L_X20Y92/SS6A3,INT_L_X20Y87/LH12,i_sca_pqc_adapter.i_sca_pqc.rs2_reg[12],132.42498665242925,301
372,INT_L_X34Y82/BYP_ALT7->INT_L_X34Y82/BYP_BOUNCE7,INT_L_X34Y82,INT_L,34,82,INT_L_X34Y82/BYP_ALT7,INT_L_X34Y82/BYP_BOUNCE7,i_sca_pqc_adapter.i_sca_pqc.rs2_reg[12],132.42498665242925,301
373,INT_L_X8Y125/WL1BEG1->INT_R_X7Y125/IMUX3,INT_L_X8Y125,INT_L,8,125,INT_L_X8Y125/WL1BEG1,INT_R_X7Y125/IMUX3,i_sca_pqc_adapter.i_sca_pqc.rs2_reg[12],132.42498665242925,301
374,INT_R_X5Y127/WW2END2->INT_R_X5Y127/IMUX30,INT_R_X5Y127,INT_R,5,127,INT_R_X5Y127/WW2END2,INT_R_X5Y127/IMUX30,i_sca_pqc_adapter.i_sca_pqc.rs2_reg[12],132.42498665242925,301
375,INT_L_X20Y87/LH12->INT_L_X32Y87/SE6BEG3,INT_L_X20Y87,INT_L,20,87,INT_L_X20Y87/LH12,INT_L_X32Y87/SE6BEG3,i_sca_pqc_adapter.i_sca_pqc.rs2_reg[12],132.42498665242925,301
376,INT_L_X20Y93/LOGIC_OUTS_L7->INT_L_X20Y92/SS6A3,INT_L_X20Y93,INT_L,20,93,INT_L_X20Y93/LOGIC_OUTS_L7,INT_L_X20Y92/SS6A3,i_sca_pqc_adapter.i_sca_pqc.rs2_reg[12],132.42498665242925,301
377,INT_L_X10Y93/WW4END3->INT_L_X10Y93/SW6BEG2,INT_L_X10Y93,INT_L,10,93,INT_L_X10Y93/WW4END3,INT_L_X10Y93/SW6BEG2,i_sca_pqc_adapter.i_sca_pqc.rs2_reg[12],132.42498665242925,301
378,INT_R_X9Y74/SR1BEG_S0->INT_R_X9Y74/SR1BEG1,INT_R_X9Y74,INT_R,9,74,INT_R_X9Y74/SR1BEG_S0,INT_R_X9Y74/SR1BEG1,i_sca_pqc_adapter.i_sca_pqc.rs2_reg[12],132.42498665242925,301
379,INT_R_X9Y76/SL1BEG2->INT_R_X9Y75/SR1END_N3_3,INT_R_X9Y76,INT_R,9,76,INT_R_X9Y76/SL1BEG2,INT_R_X9Y75/SR1END_N3_3,i_sca_pqc_adapter.i_sca_pqc.rs2_reg[12],132.42498665242925,301
380,INT_L_X20Y93/LOGIC_OUTS_L7->INT_L_X10Y93/WW4END3,INT_L_X20Y93,INT_L,20,93,INT_L_X20Y93/LOGIC_OUTS_L7,INT_L_X10Y93/WW4END3,i_sca_pqc_adapter.i_sca_pqc.rs2_reg[12],132.42498665242925,301
381,INT_R_X9Y87/SS6A2->INT_R_X9Y81/SS6A2,INT_R_X9Y87,INT_R,9,87,INT_R_X9Y87/SS6A2,INT_R_X9Y81/SS6A2,i_sca_pqc_adapter.i_sca_pqc.rs2_reg[12],132.42498665242925,301
382,INT_R_X9Y81/SS6A2->INT_R_X9Y76/SL1BEG2,INT_R_X9Y81,INT_R,9,81,INT_R_X9Y81/SS6A2,INT_R_X9Y76/SL1BEG2,i_sca_pqc_adapter.i_sca_pqc.rs2_reg[12],132.42498665242925,301
383,INT_L_X10Y93/SW6BEG2->INT_L_X8Y88/SE2A2,INT_L_X10Y93,INT_L,10,93,INT_L_X10Y93/SW6BEG2,INT_L_X8Y88/SE2A2,i_sca_pqc_adapter.i_sca_pqc.rs2_reg[12],132.42498665242925,301
384,INT_R_X5Y125/IMUX16->CLBLM_R_X5Y125/CLBLM_L_B3,INT_R_X5Y125,INT_R,5,125,INT_R_X5Y125/IMUX16,CLBLM_R_X5Y125/CLBLM_L_B3,i_sca_pqc_adapter.i_sca_pqc.rs2_reg[11],132.42498665242925,301
385,INT_R_X5Y125/NN2END0->INT_R_X5Y125/IMUX40,INT_R_X5Y125,INT_R,5,125,INT_R_X5Y125/NN2END0,INT_R_X5Y125/IMUX40,i_sca_pqc_adapter.i_sca_pqc.rs2_reg[11],132.42498665242925,301
386,INT_R_X5Y125/IMUX40->CLBLM_R_X5Y125/CLBLM_M_D1,INT_R_X5Y125,INT_R,5,125,INT_R_X5Y125/IMUX40,CLBLM_R_X5Y125/CLBLM_M_D1,i_sca_pqc_adapter.i_sca_pqc.rs2_reg[11],132.42498665242925,301
387,INT_R_X3Y137/SL1BEG3->INT_L_X2Y135/SW2END3,INT_R_X3Y137,INT_R,3,137,INT_R_X3Y137/SL1BEG3,INT_L_X2Y135/SW2END3,i_sca_pqc_adapter.i_sca_pqc.rs2_reg[11],132.42498665242925,301
388,INT_L_X2Y135/IMUX_L38->CLBLL_L_X2Y135/CLBLL_LL_D3,INT_L_X2Y135,INT_L,2,135,INT_L_X2Y135/IMUX_L38,CLBLL_L_X2Y135/CLBLL_LL_D3,i_sca_pqc_adapter.i_sca_pqc.rs2_reg[11],132.42498665242925,301
389,INT_L_X2Y135/SW2END3->INT_L_X2Y135/IMUX_L38,INT_L_X2Y135,INT_L,2,135,INT_L_X2Y135/SW2END3,INT_L_X2Y135/IMUX_L38,i_sca_pqc_adapter.i_sca_pqc.rs2_reg[11],132.42498665242925,301
390,CLBLL_L_X2Y135/CLBLL_LL_D3->SITEWIRE/SLICE_X0Y135/D1,CLBLL_L_X2Y135,CLBLL_L,2,135,CLBLL_L_X2Y135/CLBLL_LL_D3,SITEWIRE/SLICE_X0Y135/D1,i_sca_pqc_adapter.i_sca_pqc.rs2_reg[11],0,0
391,INT_R_X3Y136/IMUX46->CLBLM_R_X3Y136/CLBLM_L_D5,INT_R_X3Y136,INT_R,3,136,INT_R_X3Y136/IMUX46,CLBLM_R_X3Y136/CLBLM_L_D5,i_sca_pqc_adapter.i_sca_pqc.rs2_reg[11],132.42498665242925,301
392,CLBLM_R_X5Y125/CLBLM_M_D1->SITEWIRE/SLICE_X6Y125/D3,CLBLM_R_X5Y125,CLBLM_R,5,125,CLBLM_R_X5Y125/CLBLM_M_D1,SITEWIRE/SLICE_X6Y125/D3,i_sca_pqc_adapter.i_sca_pqc.rs2_reg[11],0,0
393,INT_R_X3Y137/LV10->INT_R_X3Y144/SS6A3,INT_R_X3Y137,INT_R,3,137,INT_R_X3Y137/LV10,INT_R_X3Y144/SS6A3,i_sca_pqc_adapter.i_sca_pqc.rs2_reg[11],132.42498665242925,301
394,INT_R_X3Y144/SS6A3->INT_R_X3Y139/NR1BEG3,INT_R_X3Y144,INT_R,3,144,INT_R_X3Y144/SS6A3,INT_R_X3Y139/NR1BEG3,i_sca_pqc_adapter.i_sca_pqc.rs2_reg[11],132.42498665242925,301
395,INT_R_X3Y139/NR1BEG3->INT_R_X3Y140/IMUX14,INT_R_X3Y139,INT_R,3,139,INT_R_X3Y139/NR1BEG3,INT_R_X3Y140/IMUX14,i_sca_pqc_adapter.i_sca_pqc.rs2_reg[11],132.42498665242925,301
396,INT_R_X3Y137/SL1BEG3->INT_R_X3Y136/IMUX46,INT_R_X3Y137,INT_R,3,137,INT_R_X3Y137/SL1BEG3,INT_R_X3Y136/IMUX46,i_sca_pqc_adapter.i_sca_pqc.rs2_reg[11],132.42498665242925,301
397,INT_L_X4Y123/NW6A0->INT_R_X3Y137/LV10,INT_L_X4Y123,INT_L,4,123,INT_L_X4Y123/NW6A0,INT_R_X3Y137/LV10,i_sca_pqc_adapter.i_sca_pqc.rs2_reg[11],132.42498665242925,301
398,INT_R_X3Y137/LV10->INT_L_X4Y145/EE4A3,INT_R_X3Y137,INT_R,3,137,INT_R_X3Y137/LV10,INT_L_X4Y145/EE4A3,i_sca_pqc_adapter.i_sca_pqc.rs2_reg[11],132.42498665242925,301
399,INT_L_X4Y145/EE4A3->INT_L_X6Y146/WR1END0,INT_L_X4Y145,INT_L,4,145,INT_L_X4Y145/EE4A3,INT_L_X6Y146/WR1END0,i_sca_pqc_adapter.i_sca_pqc.rs2_reg[11],132.42498665242925,301
400,INT_L_X4Y144/WL1END2->INT_L_X4Y144/IMUX_L44,INT_L_X4Y144,INT_L,4,144,INT_L_X4Y144/WL1END2,INT_L_X4Y144/IMUX_L44,i_sca_pqc_adapter.i_sca_pqc.rs2_reg[11],132.42498665242925,301
401,INT_L_X4Y144/IMUX_L44->CLBLL_L_X4Y144/CLBLL_LL_D4,INT_L_X4Y144,INT_L,4,144,INT_L_X4Y144/IMUX_L44,CLBLL_L_X4Y144/CLBLL_LL_D4,i_sca_pqc_adapter.i_sca_pqc.rs2_reg[11],132.42498665242925,301
402,INT_R_X5Y144/SW2END3->INT_L_X4Y144/WL1END2,INT_R_X5Y144,INT_R,5,144,INT_R_X5Y144/SW2END3,INT_L_X4Y144/WL1END2,i_sca_pqc_adapter.i_sca_pqc.rs2_reg[11],132.42498665242925,301
403,INT_R_X9Y110/SS2A0->INT_R_X9Y108/SS6A0,INT_R_X9Y110,INT_R,9,110,INT_R_X9Y110/SS2A0,INT_R_X9Y108/SS6A0,i_sca_pqc_adapter.i_sca_pqc.rs2_reg[11],132.42498665242925,301
404,INT_R_X9Y108/SS6A0->INT_R_X9Y102/SS6A0,INT_R_X9Y108,INT_R,9,108,INT_R_X9Y108/SS6A0,INT_R_X9Y102/SS6A0,i_sca_pqc_adapter.i_sca_pqc.rs2_reg[11],132.42498665242925,301
405,INT_R_X9Y96/SS6A0->INT_R_X9Y90/SS6A0,INT_R_X9Y96,INT_R,9,96,INT_R_X9Y96/SS6A0,INT_R_X9Y90/SS6A0,i_sca_pqc_adapter.i_sca_pqc.rs2_reg[11],132.42498665242925,301
406,INT_R_X9Y90/SS6A0->INT_R_X9Y84/SS6A0,INT_R_X9Y90,INT_R,9,90,INT_R_X9Y90/SS6A0,INT_R_X9Y84/SS6A0,i_sca_pqc_adapter.i_sca_pqc.rs2_reg[11],132.42498665242925,301
407,INT_R_X5Y123/EE4BEG0->INT_R_X9Y122/SS6A0,INT_R_X5Y123,INT_R,5,123,INT_R_X5Y123/EE4BEG0,INT_R_X9Y122/SS6A0,i_sca_pqc_adapter.i_sca_pqc.rs2_reg[11],132.42498665242925,301
408,INT_L_X34Y117/IMUX_L16->DSP_L_X34Y115/DSP_0_B11,INT_L_X34Y117,INT_L,34,117,INT_L_X34Y117/IMUX_L16,DSP_L_X34Y115/DSP_0_B11,i_sca_pqc_adapter.i_sca_pqc.rs2_reg[11],132.42498665242925,301
409,INT_R_X9Y107/FAN_BOUNCE2->INT_R_X9Y107/IMUX16,INT_R_X9Y107,INT_R,9,107,INT_R_X9Y107/FAN_BOUNCE2,INT_R_X9Y107/IMUX16,i_sca_pqc_adapter.i_sca_pqc.rs2_reg[11],132.42498665242925,301
410,INT_R_X33Y115/SE6BEG0->INT_R_X35Y111/SL1BEG0,INT_R_X33Y115,INT_R,33,115,INT_R_X33Y115/SE6BEG0,INT_R_X35Y111/SL1BEG0,i_sca_pqc_adapter.i_sca_pqc.rs2_reg[11],132.42498665242925,301
411,INT_R_X3Y138/SS2A3->INT_R_X3Y137/SL1BEG3,INT_R_X3Y138,INT_R,3,138,INT_R_X3Y138/SS2A3,INT_R_X3Y137/SL1BEG3,i_sca_pqc_adapter.i_sca_pqc.rs2_reg[11],132.42498665242925,301
412,INT_R_X9Y108/SS2A0->INT_R_X9Y107/FAN_ALT2,INT_R_X9Y108,INT_R,9,108,INT_R_X9Y108/SS2A0,INT_R_X9Y107/FAN_ALT2,i_sca_pqc_adapter.i_sca_pqc.rs2_reg[11],132.42498665242925,301
413,INT_R_X5Y125/NN2END0->INT_R_X5Y125/EE4BEG0,INT_R_X5Y125,INT_R,5,125,INT_R_X5Y125/NN2END0,INT_R_X5Y125/EE4BEG0,i_sca_pqc_adapter.i_sca_pqc.rs2_reg[11],132.42498665242925,301
414,INT_R_X5Y123/SE6BEG0->INT_L_X6Y118/SW2END0,INT_R_X5Y123,INT_R,5,123,INT_R_X5Y123/SE6BEG0,INT_L_X6Y118/SW2END0,i_sca_pqc_adapter.i_sca_pqc.rs2_reg[11],132.42498665242925,301
415,INT_L_X6Y118/SR1BEG1->INT_L_X6Y116/SE2A1,INT_L_X6Y118,INT_L,6,118,INT_L_X6Y118/SR1BEG1,INT_L_X6Y116/SE2A1,i_sca_pqc_adapter.i_sca_pqc.rs2_reg[11],132.42498665242925,301
416,INT_L_X14Y115/EE4A0->INT_R_X17Y115/EE4BEG0,INT_L_X14Y115,INT_L,14,115,INT_L_X14Y115/EE4A0,INT_R_X17Y115/EE4BEG0,i_sca_pqc_adapter.i_sca_pqc.rs2_reg[11],132.42498665242925,301
417,INT_R_X5Y123/LOGIC_OUTS0->INT_R_X5Y123/SE6BEG0,INT_R_X5Y123,INT_R,5,123,INT_R_X5Y123/LOGIC_OUTS0,INT_R_X5Y123/SE6BEG0,i_sca_pqc_adapter.i_sca_pqc.rs2_reg[11],132.42498665242925,301
418,INT_R_X9Y107/IMUX16->DSP_R_X9Y105/DSP_0_B11,INT_R_X9Y107,INT_R,9,107,INT_R_X9Y107/IMUX16,DSP_R_X9Y105/DSP_0_B11,i_sca_pqc_adapter.i_sca_pqc.rs2_reg[11],132.42498665242925,301
419,CLBLM_R_X11Y126/CLBLM_M_A5->SITEWIRE/SLICE_X14Y126/A5,CLBLM_R_X11Y126,CLBLM_R,11,126,CLBLM_R_X11Y126/CLBLM_M_A5,SITEWIRE/SLICE_X14Y126/A5,i_sca_pqc_adapter.i_sca_pqc.rs2_reg[11],0,0
420,INT_L_X10Y125/EE2A0->INT_R_X11Y125/NR1BEG0,INT_L_X10Y125,INT_L,10,125,INT_L_X10Y125/EE2A0,INT_R_X11Y125/NR1BEG0,i_sca_pqc_adapter.i_sca_pqc.rs2_reg[11],132.42498665242925,301
421,INT_L_X34Y96/SS6A0->INT_L_X34Y90/SS6A0,INT_L_X34Y96,INT_L,34,96,INT_L_X34Y96/SS6A0,INT_L_X34Y90/SS6A0,i_sca_pqc_adapter.i_sca_pqc.rs2_reg[11],132.42498665242925,301
422,DSP_R_X9Y70/DSP_0_B11->SITEWIRE/DSP48_X0Y28/B11,DSP_R_X9Y70,DSP_R,9,70,DSP_R_X9Y70/DSP_0_B11,SITEWIRE/DSP48_X0Y28/B11,i_sca_pqc_adapter.i_sca_pqc.rs2_reg[11],0,0
423,INT_L_X8Y117/NE2A0->INT_R_X9Y117/IMUX17,INT_L_X8Y117,INT_L,8,117,INT_L_X8Y117/NE2A0,INT_R_X9Y117/IMUX17,i_sca_pqc_adapter.i_sca_pqc.rs2_reg[11],132.42498665242925,301
424,CLBLM_R_X5Y125/CLBLM_L_B3->SITEWIRE/SLICE_X7Y125/B2,CLBLM_R_X5Y125,CLBLM_R,5,125,CLBLM_R_X5Y125/CLBLM_L_B3,SITEWIRE/SLICE_X7Y125/B2,i_sca_pqc_adapter.i_sca_pqc.rs2_reg[11],0,0
425,INT_R_X11Y126/IMUX8->CLBLM_R_X11Y126/CLBLM_M_A5,INT_R_X11Y126,INT_R,11,126,INT_R_X11Y126/IMUX8,CLBLM_R_X11Y126/CLBLM_M_A5,i_sca_pqc_adapter.i_sca_pqc.rs2_reg[11],132.42498665242925,301
426,INT_R_X9Y102/SS6A0->INT_R_X9Y96/SS6A0,INT_R_X9Y102,INT_R,9,102,INT_R_X9Y102/SS6A0,INT_R_X9Y96/SS6A0,i_sca_pqc_adapter.i_sca_pqc.rs2_reg[11],132.42498665242925,301
427,INT_R_X9Y78/SS6A0->INT_R_X9Y73/SL1BEG0,INT_R_X9Y78,INT_R,9,78,INT_R_X9Y78/SS6A0,INT_R_X9Y73/SL1BEG0,i_sca_pqc_adapter.i_sca_pqc.rs2_reg[11],132.42498665242925,301
428,INT_R_X5Y123/LOGIC_OUTS0->INT_L_X4Y123/NW6A0,INT_R_X5Y123,INT_R,5,123,INT_R_X5Y123/LOGIC_OUTS0,INT_L_X4Y123/NW6A0,i_sca_pqc_adapter.i_sca_pqc.rs2_reg[11],132.42498665242925,301
429,INT_R_X9Y117/IMUX17->DSP_R_X9Y115/DSP_0_A11,INT_R_X9Y117,INT_R,9,117,INT_R_X9Y117/IMUX17,DSP_R_X9Y115/DSP_0_A11,i_sca_pqc_adapter.i_sca_pqc.rs2_reg[11],132.42498665242925,301
430,INT_L_X8Y116/EL1END0->INT_L_X8Y117/NE2A0,INT_L_X8Y116,INT_L,8,116,INT_L_X8Y116/EL1END0,INT_L_X8Y117/NE2A0,i_sca_pqc_adapter.i_sca_pqc.rs2_reg[11],132.42498665242925,301
431,INT_R_X9Y122/SS6A0->INT_R_X9Y116/SS6A0,INT_R_X9Y122,INT_R,9,122,INT_R_X9Y122/SS6A0,INT_R_X9Y116/SS6A0,i_sca_pqc_adapter.i_sca_pqc.rs2_reg[11],132.42498665242925,301
432,INT_R_X5Y123/LOGIC_OUTS0->INT_R_X5Y125/NN2END0,INT_R_X5Y123,INT_R,5,123,INT_R_X5Y123/LOGIC_OUTS0,INT_R_X5Y125/NN2END0,i_sca_pqc_adapter.i_sca_pqc.rs2_reg[11],132.42498665242925,301
433,DSP_R_X9Y115/DSP_0_A11->SITEWIRE/DSP48_X0Y46/A11,DSP_R_X9Y115,DSP_R,9,115,DSP_R_X9Y115/DSP_0_A11,SITEWIRE/DSP48_X0Y46/A11,i_sca_pqc_adapter.i_sca_pqc.rs2_reg[11],0,0
434,INT_L_X6Y116/SE2A1->INT_L_X8Y116/EL1END0,INT_L_X6Y116,INT_L,6,116,INT_L_X6Y116/SE2A1,INT_L_X8Y116/EL1END0,i_sca_pqc_adapter.i_sca_pqc.rs2_reg[11],132.42498665242925,301
435,INT_L_X6Y146/WR1END0->INT_R_X5Y144/SW2END3,INT_L_X6Y146,INT_L,6,146,INT_L_X6Y146/WR1END0,INT_R_X5Y144/SW2END3,i_sca_pqc_adapter.i_sca_pqc.rs2_reg[11],132.42498665242925,301
436,INT_R_X5Y125/EE4BEG0->INT_L_X10Y125/EE2A0,INT_R_X5Y125,INT_R,5,125,INT_R_X5Y125/EE4BEG0,INT_L_X10Y125/EE2A0,i_sca_pqc_adapter.i_sca_pqc.rs2_reg[11],132.42498665242925,301
437,INT_R_X9Y72/IMUX16->DSP_R_X9Y70/DSP_0_B11,INT_R_X9Y72,INT_R,9,72,INT_R_X9Y72/IMUX16,DSP_R_X9Y70/DSP_0_B11,i_sca_pqc_adapter.i_sca_pqc.rs2_reg[11],132.42498665242925,301
438,INT_L_X6Y118/SW2END0->INT_L_X6Y118/SR1BEG1,INT_L_X6Y118,INT_L,6,118,INT_L_X6Y118/SW2END0,INT_L_X6Y118/SR1BEG1,i_sca_pqc_adapter.i_sca_pqc.rs2_reg[11],132.42498665242925,301
439,INT_R_X9Y107/FAN_ALT2->INT_R_X9Y107/FAN_BOUNCE2,INT_R_X9Y107,INT_R,9,107,INT_R_X9Y107/FAN_ALT2,INT_R_X9Y107/FAN_BOUNCE2,i_sca_pqc_adapter.i_sca_pqc.rs2_reg[11],132.42498665242925,301
440,INT_R_X31Y115/EE2BEG0->INT_R_X33Y115/ER1BEG1,INT_R_X31Y115,INT_R,31,115,INT_R_X31Y115/EE2BEG0,INT_R_X33Y115/ER1BEG1,i_sca_pqc_adapter.i_sca_pqc.rs2_reg[11],132.42498665242925,301
441,DSP_L_X34Y115/DSP_0_B11->SITEWIRE/DSP48_X1Y46/B11,DSP_L_X34Y115,DSP_L,34,115,DSP_L_X34Y115/DSP_0_B11,SITEWIRE/DSP48_X1Y46/B11,i_sca_pqc_adapter.i_sca_pqc.rs2_reg[11],0,0
442,CLBLM_R_X3Y136/CLBLM_L_D5->SITEWIRE/SLICE_X3Y136/D3,CLBLM_R_X3Y136,CLBLM_R,3,136,CLBLM_R_X3Y136/CLBLM_L_D5,SITEWIRE/SLICE_X3Y136/D3,i_sca_pqc_adapter.i_sca_pqc.rs2_reg[11],0,0
443,INT_R_X11Y125/NR1BEG0->INT_R_X11Y126/IMUX8,INT_R_X11Y125,INT_R,11,125,INT_R_X11Y125/NR1BEG0,INT_R_X11Y126/IMUX8,i_sca_pqc_adapter.i_sca_pqc.rs2_reg[11],132.42498665242925,301
444,INT_L_X34Y116/NL1BEG0->INT_L_X34Y117/IMUX_L16,INT_L_X34Y116,INT_L,34,116,INT_L_X34Y116/NL1BEG0,INT_L_X34Y117/IMUX_L16,i_sca_pqc_adapter.i_sca_pqc.rs2_reg[11],132.42498665242925,301
445,DSP_R_X9Y105/DSP_0_B11->SITEWIRE/DSP48_X0Y42/B11,DSP_R_X9Y105,DSP_R,9,105,DSP_R_X9Y105/DSP_0_B11,SITEWIRE/DSP48_X0Y42/B11,i_sca_pqc_adapter.i_sca_pqc.rs2_reg[11],0,0
446,INT_L_X34Y84/SS2A0->INT_L_X34Y83/SL1BEG0,INT_L_X34Y84,INT_L,34,84,INT_L_X34Y84/SS2A0,INT_L_X34Y83/SL1BEG0,i_sca_pqc_adapter.i_sca_pqc.rs2_reg[11],132.42498665242925,301
447,CLBLM_R_X5Y123/CLBLM_L_AQ->INT_R_X5Y123/LOGIC_OUTS0,CLBLM_R_X5Y123,CLBLM_R,5,123,CLBLM_R_X5Y123/CLBLM_L_AQ,INT_R_X5Y123/LOGIC_OUTS0,i_sca_pqc_adapter.i_sca_pqc.rs2_reg[11],0,0
448,INT_L_X34Y115/NR1BEG1->INT_L_X34Y116/NL1BEG0,INT_L_X34Y115,INT_L,34,115,INT_L_X34Y115/NR1BEG1,INT_L_X34Y116/NL1BEG0,i_sca_pqc_adapter.i_sca_pqc.rs2_reg[11],132.42498665242925,301
449,INT_R_X17Y115/EE4BEG0->INT_R_X21Y115/EE4BEG0,INT_R_X17Y115,INT_R,17,115,INT_R_X17Y115/EE4BEG0,INT_R_X21Y115/EE4BEG0,i_sca_pqc_adapter.i_sca_pqc.rs2_reg[11],132.42498665242925,301
450,INT_L_X34Y83/SL1BEG0->INT_L_X34Y82/IMUX_L16,INT_L_X34Y83,INT_L,34,83,INT_L_X34Y83/SL1BEG0,INT_L_X34Y82/IMUX_L16,i_sca_pqc_adapter.i_sca_pqc.rs2_reg[11],132.42498665242925,301
451,INT_R_X21Y115/EE4BEG0->INT_R_X25Y115/EE4BEG0,INT_R_X21Y115,INT_R,21,115,INT_R_X21Y115/EE4BEG0,INT_R_X25Y115/EE4BEG0,i_sca_pqc_adapter.i_sca_pqc.rs2_reg[11],132.42498665242925,301
452,INT_R_X33Y115/ER1BEG1->INT_L_X34Y115/NR1BEG1,INT_R_X33Y115,INT_R,33,115,INT_R_X33Y115/ER1BEG1,INT_L_X34Y115/NR1BEG1,i_sca_pqc_adapter.i_sca_pqc.rs2_reg[11],132.42498665242925,301
453,INT_R_X3Y144/SS6A3->INT_R_X3Y138/SS2A3,INT_R_X3Y144,INT_R,3,144,INT_R_X3Y144/SS6A3,INT_R_X3Y138/SS2A3,i_sca_pqc_adapter.i_sca_pqc.rs2_reg[11],132.42498665242925,301
454,INT_R_X25Y115/EE4BEG0->INT_R_X31Y115/EE2BEG0,INT_R_X25Y115,INT_R,25,115,INT_R_X25Y115/EE4BEG0,INT_R_X31Y115/EE2BEG0,i_sca_pqc_adapter.i_sca_pqc.rs2_reg[11],132.42498665242925,301
455,INT_L_X10Y115/EE4A0->INT_L_X14Y115/EE4A0,INT_L_X10Y115,INT_L,10,115,INT_L_X10Y115/EE4A0,INT_L_X14Y115/EE4A0,i_sca_pqc_adapter.i_sca_pqc.rs2_reg[11],132.42498665242925,301
456,INT_R_X9Y116/SS2A0->INT_L_X10Y115/EE4A0,INT_R_X9Y116,INT_R,9,116,INT_R_X9Y116/SS2A0,INT_L_X10Y115/EE4A0,i_sca_pqc_adapter.i_sca_pqc.rs2_reg[11],132.42498665242925,301
457,INT_R_X9Y116/SS6A0->INT_R_X9Y110/SS2A0,INT_R_X9Y116,INT_R,9,116,INT_R_X9Y116/SS6A0,INT_R_X9Y110/SS2A0,i_sca_pqc_adapter.i_sca_pqc.rs2_reg[11],132.42498665242925,301
458,INT_R_X9Y84/SS6A0->INT_R_X9Y78/SS6A0,INT_R_X9Y84,INT_R,9,84,INT_R_X9Y84/SS6A0,INT_R_X9Y78/SS6A0,i_sca_pqc_adapter.i_sca_pqc.rs2_reg[11],132.42498665242925,301
459,INT_R_X9Y122/SS6A0->INT_R_X9Y116/SS2A0,INT_R_X9Y122,INT_R,9,122,INT_R_X9Y122/SS6A0,INT_R_X9Y116/SS2A0,i_sca_pqc_adapter.i_sca_pqc.rs2_reg[11],132.42498665242925,301
460,INT_L_X34Y109/SW2END0->INT_L_X34Y108/SS6A0,INT_L_X34Y109,INT_L,34,109,INT_L_X34Y109/SW2END0,INT_L_X34Y108/SS6A0,i_sca_pqc_adapter.i_sca_pqc.rs2_reg[11],132.42498665242925,301
461,DSP_L_X34Y80/DSP_0_B11->SITEWIRE/DSP48_X1Y32/B11,DSP_L_X34Y80,DSP_L,34,80,DSP_L_X34Y80/DSP_0_B11,SITEWIRE/DSP48_X1Y32/B11,i_sca_pqc_adapter.i_sca_pqc.rs2_reg[11],0,0
462,CLBLM_R_X3Y140/CLBLM_L_B1->SITEWIRE/SLICE_X3Y140/B2,CLBLM_R_X3Y140,CLBLM_R,3,140,CLBLM_R_X3Y140/CLBLM_L_B1,SITEWIRE/SLICE_X3Y140/B2,i_sca_pqc_adapter.i_sca_pqc.rs2_reg[11],0,0
463,INT_R_X9Y110/SS2A0->INT_R_X9Y108/SS2A0,INT_R_X9Y110,INT_R,9,110,INT_R_X9Y110/SS2A0,INT_R_X9Y108/SS2A0,i_sca_pqc_adapter.i_sca_pqc.rs2_reg[11],132.42498665242925,301
464,INT_L_X34Y82/IMUX_L16->DSP_L_X34Y80/DSP_0_B11,INT_L_X34Y82,INT_L,34,82,INT_L_X34Y82/IMUX_L16,DSP_L_X34Y80/DSP_0_B11,i_sca_pqc_adapter.i_sca_pqc.rs2_reg[11],132.42498665242925,301
465,INT_L_X34Y102/SS6A0->INT_L_X34Y96/SS6A0,INT_L_X34Y102,INT_L,34,102,INT_L_X34Y102/SS6A0,INT_L_X34Y96/SS6A0,i_sca_pqc_adapter.i_sca_pqc.rs2_reg[11],132.42498665242925,301
466,INT_L_X34Y90/SS6A0->INT_L_X34Y84/SS2A0,INT_L_X34Y90,INT_L,34,90,INT_L_X34Y90/SS6A0,INT_L_X34Y84/SS2A0,i_sca_pqc_adapter.i_sca_pqc.rs2_reg[11],132.42498665242925,301
467,INT_R_X5Y125/NN2END0->INT_R_X5Y125/IMUX16,INT_R_X5Y125,INT_R,5,125,INT_R_X5Y125/NN2END0,INT_R_X5Y125/IMUX16,i_sca_pqc_adapter.i_sca_pqc.rs2_reg[11],132.42498665242925,301
468,INT_L_X34Y108/SS6A0->INT_L_X34Y102/SS6A0,INT_L_X34Y108,INT_L,34,108,INT_L_X34Y108/SS6A0,INT_L_X34Y102/SS6A0,i_sca_pqc_adapter.i_sca_pqc.rs2_reg[11],132.42498665242925,301
469,INT_R_X3Y140/IMUX14->CLBLM_R_X3Y140/CLBLM_L_B1,INT_R_X3Y140,INT_R,3,140,INT_R_X3Y140/IMUX14,CLBLM_R_X3Y140/CLBLM_L_B1,i_sca_pqc_adapter.i_sca_pqc.rs2_reg[11],132.42498665242925,301
470,CLBLL_L_X4Y144/CLBLL_LL_D4->SITEWIRE/SLICE_X4Y144/D1,CLBLL_L_X4Y144,CLBLL_L,4,144,CLBLL_L_X4Y144/CLBLL_LL_D4,SITEWIRE/SLICE_X4Y144/D1,i_sca_pqc_adapter.i_sca_pqc.rs2_reg[11],0,0
471,INT_R_X35Y111/SL1BEG0->INT_L_X34Y109/SW2END0,INT_R_X35Y111,INT_R,35,111,INT_R_X35Y111/SL1BEG0,INT_L_X34Y109/SW2END0,i_sca_pqc_adapter.i_sca_pqc.rs2_reg[11],132.42498665242925,301
472,INT_R_X5Y123/LOGIC_OUTS0->INT_R_X5Y123/EE4BEG0,INT_R_X5Y123,INT_R,5,123,INT_R_X5Y123/LOGIC_OUTS0,INT_R_X5Y123/EE4BEG0,i_sca_pqc_adapter.i_sca_pqc.rs2_reg[11],132.42498665242925,301
473,INT_R_X31Y115/EE2BEG0->INT_R_X33Y115/SE6BEG0,INT_R_X31Y115,INT_R,31,115,INT_R_X31Y115/EE2BEG0,INT_R_X33Y115/SE6BEG0,i_sca_pqc_adapter.i_sca_pqc.rs2_reg[11],132.42498665242925,301
474,INT_R_X9Y73/SL1BEG0->INT_R_X9Y72/IMUX16,INT_R_X9Y73,INT_R,9,73,INT_R_X9Y73/SL1BEG0,INT_R_X9Y72/IMUX16,i_sca_pqc_adapter.i_sca_pqc.rs2_reg[11],132.42498665242925,301
475,INT_L_X4Y128/NR1BEG3->INT_L_X4Y129/IMUX_L22,INT_L_X4Y128,INT_L,4,128,INT_L_X4Y128/NR1BEG3,INT_L_X4Y129/IMUX_L22,i_sca_pqc_adapter.i_sca_pqc.rs2_reg[9],132.42498665242925,301
476,INT_L_X4Y129/IMUX_L22->CLBLL_L_X4Y129/CLBLL_LL_C3,INT_L_X4Y129,INT_L,4,129,INT_L_X4Y129/IMUX_L22,CLBLL_L_X4Y129/CLBLL_LL_C3,i_sca_pqc_adapter.i_sca_pqc.rs2_reg[9],132.42498665242925,301
477,CLBLL_L_X4Y129/CLBLL_LL_C3->SITEWIRE/SLICE_X4Y129/C2,CLBLL_L_X4Y129,CLBLL_L,4,129,CLBLL_L_X4Y129/CLBLL_LL_C3,SITEWIRE/SLICE_X4Y129/C2,i_sca_pqc_adapter.i_sca_pqc.rs2_reg[9],0,0
478,INT_L_X4Y128/NR1BEG3->INT_L_X4Y129/IMUX_L15,INT_L_X4Y128,INT_L,4,128,INT_L_X4Y128/NR1BEG3,INT_L_X4Y129/IMUX_L15,i_sca_pqc_adapter.i_sca_pqc.rs2_reg[9],132.42498665242925,301
479,INT_L_X4Y123/NN6A3->INT_L_X4Y128/NR1BEG3,INT_L_X4Y123,INT_L,4,123,INT_L_X4Y123/NN6A3,INT_L_X4Y128/NR1BEG3,i_sca_pqc_adapter.i_sca_pqc.rs2_reg[9],132.42498665242925,301
480,INT_L_X4Y129/IMUX_L15->CLBLL_L_X4Y129/CLBLL_LL_B1,INT_L_X4Y129,INT_L,4,129,INT_L_X4Y129/IMUX_L15,CLBLL_L_X4Y129/CLBLL_LL_B1,i_sca_pqc_adapter.i_sca_pqc.rs2_reg[9],132.42498665242925,301
481,INT_L_X4Y138/LVB_L10->INT_L_X4Y129/NN6A2,INT_L_X4Y138,INT_L,4,138,INT_L_X4Y138/LVB_L10,INT_L_X4Y129/NN6A2,i_sca_pqc_adapter.i_sca_pqc.rs2_reg[9],132.42498665242925,301
482,CLBLL_L_X4Y133/CLBLL_L_C5->SITEWIRE/SLICE_X5Y133/C3,CLBLL_L_X4Y133,CLBLL_L,4,133,CLBLL_L_X4Y133/CLBLL_L_C5,SITEWIRE/SLICE_X5Y133/C3,i_sca_pqc_adapter.i_sca_pqc.rs2_reg[9],0,0
483,INT_L_X4Y140/SW6BEG2->INT_L_X2Y136/SR1BEG3,INT_L_X4Y140,INT_L,4,140,INT_L_X4Y140/SW6BEG2,INT_L_X2Y136/SR1BEG3,i_sca_pqc_adapter.i_sca_pqc.rs2_reg[9],132.42498665242925,301
484,INT_L_X2Y136/SR1BEG3->INT_L_X2Y135/IMUX_L15,INT_L_X2Y136,INT_L,2,136,INT_L_X2Y136/SR1BEG3,INT_L_X2Y135/IMUX_L15,i_sca_pqc_adapter.i_sca_pqc.rs2_reg[9],132.42498665242925,301
485,INT_L_X2Y135/IMUX_L15->CLBLL_L_X2Y135/CLBLL_LL_B1,INT_L_X2Y135,INT_L,2,135,INT_L_X2Y135/IMUX_L15,CLBLL_L_X2Y135/CLBLL_LL_B1,i_sca_pqc_adapter.i_sca_pqc.rs2_reg[9],132.42498665242925,301
486,INT_L_X4Y134/SR1BEG2->INT_L_X4Y133/IMUX_L30,INT_L_X4Y134,INT_L,4,134,INT_L_X4Y134/SR1BEG2,INT_L_X4Y133/IMUX_L30,i_sca_pqc_adapter.i_sca_pqc.rs2_reg[9],132.42498665242925,301
487,CLBLL_L_X2Y135/CLBLL_LL_B1->SITEWIRE/SLICE_X0Y135/B1,CLBLL_L_X2Y135,CLBLL_L,2,135,CLBLL_L_X2Y135/CLBLL_LL_B1,SITEWIRE/SLICE_X0Y135/B1,i_sca_pqc_adapter.i_sca_pqc.rs2_reg[9],0,0
488,INT_L_X4Y140/EE4BEG2->INT_L_X8Y140/WR1BEG3,INT_L_X4Y140,INT_L,4,140,INT_L_X4Y140/EE4BEG2,INT_L_X8Y140/WR1BEG3,i_sca_pqc_adapter.i_sca_pqc.rs2_reg[9],132.42498665242925,301
489,CLBLM_R_X5Y140/CLBLM_L_C5->SITEWIRE/SLICE_X7Y140/C3,CLBLM_R_X5Y140,CLBLM_R,5,140,CLBLM_R_X5Y140/CLBLM_L_C5,SITEWIRE/SLICE_X7Y140/C3,i_sca_pqc_adapter.i_sca_pqc.rs2_reg[9],0,0
490,INT_L_X4Y122/LOGIC_OUTS_L7->INT_L_X4Y123/NN6A3,INT_L_X4Y122,INT_L,4,122,INT_L_X4Y122/LOGIC_OUTS_L7,INT_L_X4Y123/NN6A3,i_sca_pqc_adapter.i_sca_pqc.rs2_reg[9],132.42498665242925,301
491,INT_L_X4Y138/LVB_L10->INT_L_X4Y140/NE6BEG2,INT_L_X4Y138,INT_L,4,138,INT_L_X4Y138/LVB_L10,INT_L_X4Y140/NE6BEG2,i_sca_pqc_adapter.i_sca_pqc.rs2_reg[9],132.42498665242925,301
492,INT_L_X4Y140/NE6BEG2->INT_R_X5Y145/NW2END2,INT_L_X4Y140,INT_L,4,140,INT_L_X4Y140/NE6BEG2,INT_R_X5Y145/NW2END2,i_sca_pqc_adapter.i_sca_pqc.rs2_reg[9],132.42498665242925,301
493,INT_L_X34Y117/IMUX_L18->DSP_L_X34Y115/DSP_0_B9,INT_L_X34Y117,INT_L,34,117,INT_L_X34Y117/IMUX_L18,DSP_L_X34Y115/DSP_0_B9,i_sca_pqc_adapter.i_sca_pqc.rs2_reg[9],132.42498665242925,301
494,INT_L_X4Y122/SE6BEG3->INT_L_X6Y116/LVB_L10,INT_L_X4Y122,INT_L,4,122,INT_L_X4Y122/SE6BEG3,INT_L_X6Y116/LVB_L10,i_sca_pqc_adapter.i_sca_pqc.rs2_reg[9],132.42498665242925,301
495,INT_L_X10Y106/WR1BEG3->INT_R_X9Y106/BYP_ALT6,INT_L_X10Y106,INT_L,10,106,INT_L_X10Y106/WR1BEG3,INT_R_X9Y106/BYP_ALT6,i_sca_pqc_adapter.i_sca_pqc.rs2_reg[9],132.42498665242925,301
496,INT_L_X4Y129/NN6A2->INT_L_X4Y134/SR1BEG2,INT_L_X4Y129,INT_L,4,129,INT_L_X4Y129/NN6A2,INT_L_X4Y134/SR1BEG2,i_sca_pqc_adapter.i_sca_pqc.rs2_reg[9],132.42498665242925,301
497,INT_R_X9Y72/IMUX18->DSP_R_X9Y70/DSP_0_B9,INT_R_X9Y72,INT_R,9,72,INT_R_X9Y72/IMUX18,DSP_R_X9Y70/DSP_0_B9,i_sca_pqc_adapter.i_sca_pqc.rs2_reg[9],132.42498665242925,301
498,INT_R_X9Y106/BYP_BOUNCE6->INT_R_X9Y107/IMUX18,INT_R_X9Y106,INT_R,9,106,INT_R_X9Y106/BYP_BOUNCE6,INT_R_X9Y107/IMUX18,i_sca_pqc_adapter.i_sca_pqc.rs2_reg[9],132.42498665242925,301
499,INT_R_X9Y75/SS2BEG2->INT_R_X9Y73/SR1BEG3,INT_R_X9Y75,INT_R,9,75,INT_R_X9Y75/SS2BEG2,INT_R_X9Y73/SR1BEG3,i_sca_pqc_adapter.i_sca_pqc.rs2_reg[9],132.42498665242925,301
