tile_x,tile_y,tile_type,t_max,n_leaky_pips,n_leaky_nets,dominant_reg,chipdb_avg_delay_ps,combined_risk
5,123,INT_R,0.000,12,2,rs2_reg,132.42498665242925,0.000
34,115,INT_L,0.000,9,6,rs2_reg,132.42498665242925,0.000
5,125,INT_R,0.000,9,2,rs2_reg,132.42498665242925,0.000
34,117,INT_L,0.000,8,6,rs2_reg,132.42498665242925,0.000
4,149,INT_L,0.000,8,3,rs2_reg,132.42498665242925,0.000
9,115,DSP_R,0.000,7,6,rs2_reg,0,0.000
34,80,DSP_L,347.532,7,6,rs2_reg,0,0.000
9,118,INT_R,0.000,7,4,rs2_reg,132.42498665242925,0.000
34,82,INT_L,347.858,7,5,rs2_reg,132.42498665242925,1702.256
2,130,CLBLL_L,0.000,6,1,rs2_reg,0,0.000
4,129,INT_L,0.000,6,2,rs2_reg,132.42498665242925,0.000
34,83,INT_L,348.159,6,3,rs2_reg,132.42498665242925,1703.731
8,118,INT_L,0.000,6,3,rs2_reg,132.42498665242925,0.000
6,118,INT_L,0.000,6,3,rs2_reg,132.42498665242925,0.000
34,116,INT_L,0.000,6,4,rs2_reg,132.42498665242925,0.000
4,140,INT_L,0.000,6,3,rs2_reg,132.42498665242925,0.000
5,127,INT_R,0.000,6,1,rs2_reg,132.42498665242925,0.000
4,145,INT_L,0.000,6,2,rs2_reg,132.42498665242925,0.000
10,93,INT_L,345.943,6,1,rs2_reg,132.42498665242925,1692.886
2,135,CLBLL_L,0.000,6,3,rs2_reg,0,0.000
8,98,INT_L,350.915,5,4,rs2_reg,132.42498665242925,1717.216
9,108,INT_R,0.000,5,3,rs2_reg,132.42498665242925,0.000
9,117,INT_R,0.000,5,5,rs2_reg,132.42498665242925,0.000
9,95,DSP_R,320.431,5,4,rs2_reg,0,0.000
10,82,INT_L,293.263,5,1,rs2_reg,132.42498665242925,1435.093
4,148,INT_L,0.000,5,2,rs2_reg,132.42498665242925,0.000
4,122,INT_L,0.000,5,2,rs2_reg,132.42498665242925,0.000
4,128,INT_L,0.000,4,2,rs2_reg,132.42498665242925,0.000
9,110,INT_R,0.000,4,2,rs2_reg,132.42498665242925,0.000
34,81,INT_L,337.244,4,2,rs2_reg,132.42498665242925,1650.317
9,97,INT_R,271.781,4,3,rs2_reg,132.42498665242925,1329.973
18,138,INT_L,0.000,4,1,rs2_reg,132.42498665242925,0.000
16,118,INT_L,0.000,4,2,rs2_reg,132.42498665242925,0.000
4,139,INT_L,0.000,4,3,rs2_reg,132.42498665242925,0.000
4,137,INT_L,0.000,4,2,rs2_reg,132.42498665242925,0.000
7,125,INT_R,0.000,4,1,rs2_reg,132.42498665242925,0.000
3,137,INT_R,0.000,4,1,rs2_reg,132.42498665242925,0.000
14,106,INT_L,293.263,3,1,rs2_reg,132.42498665242925,1435.093
13,101,INT_R,271.781,3,1,rs2_reg,132.42498665242925,1329.973
12,105,INT_L,345.943,3,1,rs2_reg,132.42498665242925,1692.886
9,98,INT_R,271.781,3,3,rs2_reg,132.42498665242925,1329.973
4,141,INT_L,0.000,3,2,rs2_reg,132.42498665242925,0.000
34,118,INT_L,0.000,3,2,rs2_reg,132.42498665242925,0.000
5,131,INT_R,0.000,3,1,rs2_reg,132.42498665242925,0.000
10,89,INT_L,303.108,3,1,rs2_reg,132.42498665242925,1483.272
8,96,INT_L,347.886,3,2,rs2_reg,132.42498665242925,1702.395
20,89,INT_L,271.781,3,1,rs2_reg,132.42498665242925,1329.973
5,137,INT_R,0.000,3,2,rs2_reg,132.42498665242925,0.000
3,138,INT_R,0.000,3,2,rs2_reg,132.42498665242925,0.000
6,146,INT_L,0.000,3,3,rs2_reg,132.42498665242925,0.000
17,116,INT_R,0.000,3,1,rs2_reg,132.42498665242925,0.000
12,118,INT_L,0.000,3,1,rs2_reg,132.42498665242925,0.000
8,110,INT_L,0.000,3,2,rs2_reg,132.42498665242925,0.000
7,84,CLBLM_R,315.741,3,1,rs2_reg,0,0.000
9,85,INT_R,345.943,3,1,rs2_reg,132.42498665242925,1692.886
8,116,INT_L,0.000,3,3,rs2_reg,132.42498665242925,0.000
4,138,INT_L,0.000,3,2,rs2_reg,132.42498665242925,0.000
31,115,INT_R,0.000,3,2,rs2_reg,132.42498665242925,0.000
2,136,INT_L,0.000,3,2,rs2_reg,132.42498665242925,0.000
9,116,INT_R,0.000,3,2,rs2_reg,132.42498665242925,0.000
20,93,INT_L,347.886,3,1,rs2_reg,132.42498665242925,1702.395
4,144,CLBLL_L,0.000,3,1,rs2_reg,0,0.000
9,107,INT_R,341.824,3,1,rs2_reg,132.42498665242925,1672.731
14,101,INT_L,347.886,2,1,rs2_reg,132.42498665242925,1702.395
11,105,INT_R,347.886,2,1,rs2_reg,132.42498665242925,1702.395
10,101,INT_L,271.781,2,1,rs2_reg,132.42498665242925,1329.973
27,117,INT_R,0.000,2,1,rs2_reg,132.42498665242925,0.000
33,117,INT_R,0.000,2,1,rs2_reg,132.42498665242925,0.000
9,114,INT_R,0.000,2,1,rs2_reg,132.42498665242925,0.000
9,102,INT_R,271.781,2,2,rs2_reg,132.42498665242925,1329.973
9,128,INT_R,0.000,2,1,rs2_reg,132.42498665242925,0.000
20,82,INT_L,347.886,2,1,rs2_reg,132.42498665242925,1702.395
8,127,INT_L,0.000,2,2,rs2_reg,132.42498665242925,0.000
8,94,INT_L,303.108,2,1,rs2_reg,132.42498665242925,1483.272
5,118,INT_R,0.000,2,1,rs2_reg,132.42498665242925,0.000
8,56,INT_L,315.741,2,1,rs2_reg,132.42498665242925,1545.093
20,88,INT_L,271.781,2,1,rs2_reg,132.42498665242925,1329.973
34,110,INT_L,0.000,2,1,rs2_reg,132.42498665242925,0.000
8,58,INT_L,293.263,2,1,rs2_reg,132.42498665242925,1435.093
3,139,INT_R,0.000,2,2,rs2_reg,132.42498665242925,0.000
34,108,INT_L,0.000,2,2,rs2_reg,132.42498665242925,0.000
33,116,INT_R,0.000,2,1,rs2_reg,132.42498665242925,0.000
19,145,INT_R,0.000,2,1,rs2_reg,132.42498665242925,0.000
31,117,INT_R,0.000,2,1,rs2_reg,132.42498665242925,0.000
34,109,INT_L,0.000,2,2,rs2_reg,132.42498665242925,0.000
5,139,INT_R,0.000,2,1,rs2_reg,132.42498665242925,0.000
10,115,INT_L,0.000,2,2,rs2_reg,132.42498665242925,0.000
8,105,INT_L,345.943,2,1,rs2_reg,132.42498665242925,1692.886
8,100,INT_L,345.943,2,1,rs2_reg,132.42498665242925,1692.886
7,83,INT_R,347.886,2,1,rs2_reg,132.42498665242925,1702.395
8,83,INT_L,255.113,2,1,rs2_reg,132.42498665242925,1248.404
34,96,INT_L,271.781,2,2,rs2_reg,132.42498665242925,1329.973
8,117,INT_L,0.000,2,2,rs2_reg,132.42498665242925,0.000
25,115,INT_R,0.000,2,2,rs2_reg,132.42498665242925,0.000
14,115,INT_L,0.000,2,2,rs2_reg,132.42498665242925,0.000
4,127,INT_L,0.000,2,1,rs2_reg,132.42498665242925,0.000
8,125,INT_L,0.000,2,1,rs2_reg,132.42498665242925,0.000
4,115,INT_L,0.000,2,1,rs2_reg,132.42498665242925,0.000
8,104,INT_L,331.546,2,1,rs2_reg,132.42498665242925,1622.436
9,70,DSP_R,347.886,2,2,rs2_reg,0,0.000
9,105,DSP_R,347.886,2,2,rs2_reg,0,0.000
9,73,INT_R,345.943,2,2,rs2_reg,132.42498665242925,1692.886
8,91,CLBLM_L,337.294,2,1,rs2_reg,0,0.000
8,108,INT_L,0.000,2,1,rs2_reg,132.42498665242925,0.000
9,74,INT_R,331.754,2,1,rs2_reg,132.42498665242925,1623.452
9,75,INT_R,351.402,2,2,rs2_reg,132.42498665242925,1719.600
3,136,CLBLM_R,0.000,2,1,rs2_reg,0,0.000
3,144,INT_R,0.000,2,1,rs2_reg,132.42498665242925,0.000
4,123,INT_L,0.000,2,2,rs2_reg,132.42498665242925,0.000
33,115,INT_R,0.000,2,1,rs2_reg,132.42498665242925,0.000
11,126,INT_R,0.000,2,1,rs2_reg,132.42498665242925,0.000
9,122,INT_R,0.000,2,1,rs2_reg,132.42498665242925,0.000
9,72,INT_R,347.886,2,2,rs2_reg,132.42498665242925,1702.395
3,140,INT_R,0.000,2,1,rs2_reg,132.42498665242925,0.000
5,116,INT_R,0.000,1,1,rs2_reg,132.42498665242925,0.000
5,122,INT_R,0.000,1,1,rs2_reg,132.42498665242925,0.000
4,135,INT_L,0.000,1,1,rs2_reg,132.42498665242925,0.000
9,100,INT_R,331.754,1,1,rs2_reg,132.42498665242925,1623.452
34,93,INT_L,271.781,1,1,rs2_reg,132.42498665242925,1329.973
5,115,INT_R,0.000,1,1,rs2_reg,132.42498665242925,0.000
19,117,INT_R,0.000,1,1,rs2_reg,132.42498665242925,0.000
17,117,INT_R,0.000,1,1,rs2_reg,132.42498665242925,0.000
11,117,INT_R,0.000,1,1,rs2_reg,132.42498665242925,0.000
24,117,INT_L,0.000,1,1,rs2_reg,132.42498665242925,0.000
4,147,INT_L,0.000,1,1,rs2_reg,132.42498665242925,0.000
14,117,INT_L,0.000,1,1,rs2_reg,132.42498665242925,0.000
10,113,INT_L,0.000,1,1,rs2_reg,132.42498665242925,0.000
34,87,INT_L,271.781,1,1,rs2_reg,132.42498665242925,1329.973
34,100,INT_L,271.781,1,1,rs2_reg,132.42498665242925,1329.973
34,105,INT_L,271.781,1,1,rs2_reg,132.42498665242925,1329.973
34,111,INT_L,0.000,1,1,rs2_reg,132.42498665242925,0.000
34,112,INT_L,0.000,1,1,rs2_reg,132.42498665242925,0.000
20,81,INT_L,271.781,1,1,rs2_reg,132.42498665242925,1329.973
5,148,INT_R,0.000,1,1,rs2_reg,132.42498665242925,0.000
24,81,INT_L,271.781,1,1,rs2_reg,132.42498665242925,1329.973
28,81,INT_L,271.781,1,1,rs2_reg,132.42498665242925,1329.973
8,63,INT_L,279.323,1,1,rs2_reg,132.42498665242925,1366.880
6,131,INT_L,0.000,1,1,rs2_reg,132.42498665242925,0.000
9,59,INT_R,271.781,1,1,rs2_reg,132.42498665242925,1329.973
8,57,INT_L,315.741,1,1,rs2_reg,132.42498665242925,1545.093
10,83,INT_L,315.741,1,1,rs2_reg,132.42498665242925,1545.093
9,61,INT_R,347.886,1,1,rs2_reg,132.42498665242925,1702.395
11,71,INT_R,271.781,1,1,rs2_reg,132.42498665242925,1329.973
9,82,INT_R,351.402,1,1,rs2_reg,132.42498665242925,1719.600
10,67,INT_L,315.741,1,1,rs2_reg,132.42498665242925,1545.093
18,76,INT_L,271.781,1,1,rs2_reg,132.42498665242925,1329.973
8,62,INT_L,293.263,1,1,rs2_reg,132.42498665242925,1435.093
19,81,INT_R,271.781,1,1,rs2_reg,132.42498665242925,1329.973
9,146,INT_R,0.000,1,1,rs2_reg,132.42498665242925,0.000
32,81,INT_L,271.781,1,1,rs2_reg,132.42498665242925,1329.973
34,92,INT_L,271.781,1,1,rs2_reg,132.42498665242925,1329.973
6,137,INT_L,0.000,1,1,rs2_reg,132.42498665242925,0.000
16,117,INT_L,0.000,1,1,rs2_reg,132.42498665242925,0.000
16,116,INT_L,0.000,1,1,rs2_reg,132.42498665242925,0.000
10,114,INT_L,0.000,1,1,rs2_reg,132.42498665242925,0.000
20,117,INT_L,0.000,1,1,rs2_reg,132.42498665242925,0.000
10,98,INT_L,331.754,1,1,rs2_reg,132.42498665242925,1623.452
18,123,INT_L,0.000,1,1,rs2_reg,132.42498665242925,0.000
10,97,INT_L,337.294,1,1,rs2_reg,132.42498665242925,1650.560
10,100,INT_L,271.781,1,1,rs2_reg,132.42498665242925,1329.973
18,144,INT_L,0.000,1,1,rs2_reg,132.42498665242925,0.000
34,79,INT_L,345.943,1,1,rs2_reg,132.42498665242925,1692.886
18,145,INT_L,0.000,1,1,rs2_reg,132.42498665242925,0.000
10,105,INT_L,351.402,1,1,rs2_reg,132.42498665242925,1719.600
36,83,INT_L,271.781,1,1,rs2_reg,132.42498665242925,1329.973
25,117,INT_R,0.000,1,1,rs2_reg,132.42498665242925,0.000
21,117,INT_R,0.000,1,1,rs2_reg,132.42498665242925,0.000
34,89,INT_L,271.781,1,1,rs2_reg,132.42498665242925,1329.973
34,91,INT_L,271.781,1,1,rs2_reg,132.42498665242925,1329.973
34,85,INT_L,271.781,1,1,rs2_reg,132.42498665242925,1329.973
9,91,INT_R,271.781,1,1,rs2_reg,132.42498665242925,1329.973
9,86,INT_R,271.781,1,1,rs2_reg,132.42498665242925,1329.973
8,84,INT_L,252.193,1,1,rs2_reg,132.42498665242925,1234.116
5,138,INT_R,0.000,1,1,rs2_reg,132.42498665242925,0.000
3,147,INT_R,0.000,1,1,rs2_reg,132.42498665242925,0.000
34,98,INT_L,271.781,1,1,rs2_reg,132.42498665242925,1329.973
8,119,INT_L,0.000,1,1,rs2_reg,132.42498665242925,0.000
36,80,INT_L,271.781,1,1,rs2_reg,132.42498665242925,1329.973
3,146,INT_R,0.000,1,1,rs2_reg,132.42498665242925,0.000
4,109,INT_L,0.000,1,1,rs2_reg,132.42498665242925,0.000
4,110,INT_L,0.000,1,1,rs2_reg,132.42498665242925,0.000
2,145,INT_L,0.000,1,1,rs2_reg,132.42498665242925,0.000
2,147,INT_L,0.000,1,1,rs2_reg,132.42498665242925,0.000
8,90,INT_L,345.943,1,1,rs2_reg,132.42498665242925,1692.886
9,92,INT_R,320.431,1,1,rs2_reg,132.42498665242925,1568.042
10,92,INT_L,331.546,1,1,rs2_reg,132.42498665242925,1622.436
8,126,INT_L,0.000,1,1,rs2_reg,132.42498665242925,0.000
8,109,INT_L,0.000,1,1,rs2_reg,132.42498665242925,0.000
8,97,INT_L,325.960,1,1,rs2_reg,132.42498665242925,1595.099
32,87,INT_L,271.781,1,1,rs2_reg,132.42498665242925,1329.973
30,118,INT_L,0.000,1,1,rs2_reg,132.42498665242925,0.000
8,88,INT_L,347.886,1,1,rs2_reg,132.42498665242925,1702.395
14,118,INT_L,0.000,1,1,rs2_reg,132.42498665242925,0.000
10,119,INT_L,0.000,1,1,rs2_reg,132.42498665242925,0.000
8,115,INT_L,0.000,1,1,rs2_reg,132.42498665242925,0.000
20,92,INT_L,347.886,1,1,rs2_reg,132.42498665242925,1702.395
20,87,INT_L,271.781,1,1,rs2_reg,132.42498665242925,1329.973
9,76,INT_R,271.781,1,1,rs2_reg,132.42498665242925,1329.973
9,87,INT_R,331.754,1,1,rs2_reg,132.42498665242925,1623.452
9,81,INT_R,351.402,1,1,rs2_reg,132.42498665242925,1719.600
5,144,INT_R,0.000,1,1,rs2_reg,132.42498665242925,0.000
9,96,INT_R,271.781,1,1,rs2_reg,132.42498665242925,1329.973
9,90,INT_R,271.781,1,1,rs2_reg,132.42498665242925,1329.973
10,125,INT_L,0.000,1,1,rs2_reg,132.42498665242925,0.000
9,78,INT_R,347.886,1,1,rs2_reg,132.42498665242925,1702.395
6,116,INT_L,0.000,1,1,rs2_reg,132.42498665242925,0.000
11,125,INT_R,0.000,1,1,rs2_reg,132.42498665242925,0.000
34,84,INT_L,351.402,1,1,rs2_reg,132.42498665242925,1719.600
17,115,INT_R,0.000,1,1,rs2_reg,132.42498665242925,0.000
21,115,INT_R,0.000,1,1,rs2_reg,132.42498665242925,0.000
9,84,INT_R,271.781,1,1,rs2_reg,132.42498665242925,1329.973
34,102,INT_L,271.781,1,1,rs2_reg,132.42498665242925,1329.973
34,90,INT_L,271.781,1,1,rs2_reg,132.42498665242925,1329.973
35,111,INT_R,0.000,1,1,rs2_reg,132.42498665242925,0.000
4,133,CLBLL_L,0.000,1,1,rs2_reg,0,0.000
4,134,INT_L,0.000,1,1,rs2_reg,132.42498665242925,0.000
5,140,CLBLM_R,0.000,1,1,rs2_reg,0,0.000
10,106,INT_L,345.943,1,1,rs2_reg,132.42498665242925,1692.886
9,106,INT_R,350.915,1,1,rs2_reg,132.42498665242925,1717.216
